date,one,two,three,four,five,
2020/10/10,4号线楚河汉街站,2号线江汉路站,2号线汉口火车站,2号线街道口站,2号线珞雄路站,
2020/10/11,2号线江汉路站,2号线汉口火车站,2号线珞雄路站,4号线楚河汉街站,2号线街道口站,
2020/10/12,2号线汉口火车站,4号线楚河汉街站,2号线中山公园站,2号线江汉路站,2号线中南路站,
2020/10/13,2号线汉口火车站,4号线楚河汉街站,2号线中山公园站,2号线江汉路站,2号线中南路站,
2020/10/14,2号线汉口火车站,4号线楚河汉街站,2号线中南路站,2号线中山公园站,2号线街道口站,
2020/10/15,2号线汉口火车站,4号线楚河汉街站,2号线中南路站,2号线中山公园站,2号线街道口站,
2020/10/16,2号线汉口火车站,4号线楚河汉街站,2号线街道口站,2号线中南路站,2号线江汉路站,
2020/10/17,2号线江汉路站,4号线楚河汉街站,2号线珞雄路站,2号线汉口火车站,2号线街道口站,
2020/10/18,2号线汉口火车站,2号线江汉路站,2号线珞雄路站,4号线楚河汉街站,4号线武汉火车站,
2020/10/19,2号线汉口火车站,4号线楚河汉街站,2号线江汉路站,2号线中山公园站,2号线中南路站,
2020/10/20,4号线楚河汉街站,2号线汉口火车站,2号线中山公园站,2号线中南路站,2号线街道口站,
2020/10/21,4号线楚河汉街站,2号线汉口火车站,2号线中南路站,2号线江汉路站,2号线中山公园站,
2020/10/22,4号线楚河汉街站,2号线汉口火车站,2号线江汉路站,2号线中山公园站,2号线中南路站,
2020/10/23,2号线汉口火车站,4号线楚河汉街站,2号线江汉路站,2号线街道口站,2号线中南路站,
2020/10/24,2号线江汉路站,4号线楚河汉街站,2号线珞雄路站,2号线街道口站,2号线汉口火车站,
2020/10/25,2号线汉口火车站,2号线江汉路站,2号线珞雄路站,4号线楚河汉街站,4号线武汉火车站,
2020/10/26,2号线汉口火车站,4号线楚河汉街站,2号线中山公园站,2号线江汉路站,2号线中南路站,
2020/10/27,4号线楚河汉街站,2号线汉口火车站,2号线中山公园站,2号线江汉路站,2号线中南路站,
2020/10/28,4号线楚河汉街站,2号线汉口火车站,2号线中南路站,2号线中山公园站,2号线江汉路站,
2020/10/29,4号线楚河汉街站,2号线汉口火车站,2号线江汉路站,2号线中山公园站,2号线中南路站,
2020/10/30,2号线汉口火车站,4号线楚河汉街站,2号线街道口站,2号线江汉路站,4号线武汉火车站,
2020/10/31,2号线江汉路站,2号线珞雄路站,4号线楚河汉街站,2号线街道口站,2号线汉口火车站,
2020/11/1,2号线汉口火车站,2号线江汉路站,2号线珞雄路站,4号线武汉火车站,4号线王家湾站,
2020/11/2,2号线汉口火车站,4号线楚河汉街站,2号线江汉路站,2号线中山公园站,2号线街道口站,
2020/11/3,4号线楚河汉街站,2号线汉口火车站,2号线中山公园站,2号线江汉路站,2号线街道口站,
2020/11/4,4号线楚河汉街站,2号线汉口火车站,2号线中南路站,2号线江汉路站,2号线中山公园站,
2020/11/5,4号线楚河汉街站,2号线汉口火车站,2号线江汉路站,2号线中南路站,2号线街道口站,
2020/11/6,2号线汉口火车站,4号线楚河汉街站,2号线江汉路站,2号线街道口站,4号线武汉火车站,
2020/11/7,2号线江汉路站,4号线楚河汉街站,2号线珞雄路站,2号线街道口站,2号线汉口火车站,
2020/11/8,2号线汉口火车站,2号线江汉路站,2号线珞雄路站,4号线武汉火车站,4号线楚河汉街站,
2020/11/9,4号线楚河汉街站,2号线汉口火车站,2号线江汉路站,2号线中山公园站,2号线街道口站,
2020/11/10,4号线楚河汉街站,2号线汉口火车站,2号线江汉路站,2号线中山公园站,2号线中南路站,
2020/11/11,4号线楚河汉街站,2号线汉口火车站,2号线中山公园站,2号线江汉路站,2号线中南路站,
2020/11/12,4号线楚河汉街站,2号线汉口火车站,2号线中南路站,2号线江汉路站,2号线中山公园站,
2020/11/13,2号线汉口火车站,4号线楚河汉街站,2号线江汉路站,2号线街道口站,2号线中南路站,
2020/11/14,2号线江汉路站,4号线楚河汉街站,2号线珞雄路站,2号线街道口站,2号线汉口火车站,
2020/11/15,2号线汉口火车站,2号线江汉路站,2号线珞雄路站,4号线武汉火车站,4号线王家湾站,
2020/11/16,4号线楚河汉街站,2号线汉口火车站,2号线中山公园站,2号线中南路站,2号线江汉路站,
2020/11/17,4号线楚河汉街站,2号线汉口火车站,2号线中山公园站,2号线中南路站,2号线街道口站,
2020/11/18,4号线楚河汉街站,2号线汉口火车站,2号线中南路站,2号线街道口站,2号线中山公园站,
2020/11/19,4号线楚河汉街站,2号线汉口火车站,2号线中南路站,2号线街道口站,2号线中山公园站,
2020/11/20,2号线汉口火车站,4号线楚河汉街站,2号线江汉路站,2号线街道口站,2号线中南路站,
2020/11/21,2号线江汉路站,2号线街道口站,2号线珞雄路站,2号线汉口火车站,4号线楚河汉街站,
2020/11/22,2号线汉口火车站,2号线珞雄路站,4号线王家湾站,2号线江汉路站,4号线武汉火车站,
2020/11/23,2号线汉口火车站,4号线楚河汉街站,2号线中南路站,2号线中山公园站,2号线街道口站,
2020/11/24,4号线楚河汉街站,2号线汉口火车站,2号线中山公园站,2号线中南路站,2号线街道口站,
2020/11/25,4号线楚河汉街站,2号线汉口火车站,2号线中南路站,2号线中山公园站,2号线街道口站,
2020/11/26,4号线楚河汉街站,2号线汉口火车站,2号线中南路站,2号线街道口站,2号线江汉路站,
2020/11/27,2号线汉口火车站,4号线楚河汉街站,2号线江汉路站,2号线街道口站,2号线中南路站,
2020/11/28,2号线江汉路站,2号线汉口火车站,4号线楚河汉街站,2号线珞雄路站,2号线街道口站,
2020/11/29,2号线汉口火车站,2号线江汉路站,2号线珞雄路站,4号线王家湾站,4号线楚河汉街站,
2020/11/30,4号线楚河汉街站,2号线汉口火车站,2号线江汉路站,2号线中山公园站,2号线街道口站,
2020/12/1,4号线楚河汉街站,2号线汉口火车站,2号线江汉路站,2号线中山公园站,2号线中南路站,
2020/12/2,4号线楚河汉街站,2号线汉口火车站,2号线中南路站,2号线中山公园站,2号线江汉路站,
2020/12/3,4号线楚河汉街站,2号线汉口火车站,2号线中南路站,2号线中山公园站,2号线街道口站,
2020/12/4,2号线汉口火车站,4号线楚河汉街站,2号线江汉路站,2号线街道口站,2号线中南路站,
2020/12/5,2号线江汉路站,4号线楚河汉街站,2号线珞雄路站,2号线街道口站,2号线汉口火车站,
2020/12/6,2号线汉口火车站,2号线江汉路站,2号线珞雄路站,4号线王家湾站,2号线街道口站,
2020/12/7,4号线楚河汉街站,2号线汉口火车站,2号线中山公园站,2号线中南路站,2号线街道口站,
2020/12/8,4号线楚河汉街站,2号线汉口火车站,2号线中山公园站,2号线中南路站,2号线街道口站,
2020/12/9,4号线楚河汉街站,2号线汉口火车站,2号线中南路站,2号线街道口站,2号线中山公园站,
2020/12/10,4号线楚河汉街站,2号线汉口火车站,2号线中南路站,2号线街道口站,2号线江汉路站,
2020/12/11,2号线汉口火车站,4号线楚河汉街站,2号线街道口站,2号线江汉路站,2号线中南路站,
2020/12/12,2号线江汉路站,4号线楚河汉街站,2号线珞雄路站,2号线街道口站,4号线王家湾站,
2020/12/13,2号线汉口火车站,2号线江汉路站,2号线珞雄路站,4号线王家湾站,2号线街道口站,
2020/12/14,4号线楚河汉街站,2号线汉口火车站,2号线中山公园站,2号线中南路站,2号线街道口站,
2020/12/15,4号线楚河汉街站,2号线汉口火车站,2号线中山公园站,2号线中南路站,2号线街道口站,
2020/12/16,4号线楚河汉街站,2号线汉口火车站,2号线中山公园站,2号线中南路站,2号线街道口站,
2020/12/17,4号线楚河汉街站,2号线汉口火车站,2号线中南路站,2号线中山公园站,2号线街道口站,
2020/12/18,2号线汉口火车站,4号线楚河汉街站,2号线街道口站,2号线江汉路站,2号线中南路站,
2020/12/19,2号线江汉路站,4号线楚河汉街站,2号线街道口站,2号线珞雄路站,2号线汉口火车站,
2020/12/20,2号线江汉路站,2号线汉口火车站,2号线珞雄路站,4号线王家湾站,2号线街道口站,
2020/12/21,4号线楚河汉街站,2号线汉口火车站,2号线中山公园站,2号线江汉路站,2号线街道口站,
2020/12/22,4号线楚河汉街站,2号线汉口火车站,2号线中山公园站,2号线江汉路站,2号线街道口站,
2020/12/23,4号线楚河汉街站,2号线汉口火车站,2号线街道口站,2号线中山公园站,2号线中南路站,
2020/12/24,4号线楚河汉街站,2号线江汉路站,2号线街道口站,2号线中山公园站,2号线汉口火车站,
2020/12/25,4号线楚河汉街站,2号线江汉路站,2号线汉口火车站,2号线街道口站,2号线珞雄路站,
2020/12/26,2号线江汉路站,2号线汉口火车站,4号线楚河汉街站,2号线街道口站,2号线珞雄路站,
2020/12/27,2号线汉口火车站,2号线江汉路站,4号线楚河汉街站,2号线珞雄路站,4号线王家湾站,
2020/12/28,4号线楚河汉街站,2号线汉口火车站,2号线江汉路站,2号线中山公园站,2号线街道口站,
2020/12/29,2号线汉口火车站,4号线楚河汉街站,2号线中南路站,2号线街道口站,2号线中山公园站,
2020/12/30,2号线汉口火车站,4号线楚河汉街站,2号线江汉路站,2号线街道口站,2号线中南路站,
2020/12/31,2号线江汉路站,2号线汉口火车站,4号线楚河汉街站,2号线街道口站,2号线珞雄路站,
2021/1/1,2号线江汉路站,2号线汉口火车站,6号线江汉路站,2号线珞雄路站,4号线楚河汉街站,
2021/1/2,2号线江汉路站,2号线汉口火车站,6号线江汉路站,2号线街道口站,2号线珞雄路站,
2021/1/3,2号线汉口火车站,4号线武汉火车站,2号线江汉路站,4号线王家湾站,2号线街道口站,
2021/1/4,2号线汉口火车站,4号线楚河汉街站,2号线江汉路站,2号线中山公园站,2号线中南路站,
2021/1/5,2号线汉口火车站,4号线楚河汉街站,2号线中山公园站,2号线江汉路站,2号线中南路站,
2021/1/6,4号线楚河汉街站,2号线汉口火车站,2号线中南路站,2号线中山公园站,2号线街道口站,
2021/1/7,4号线楚河汉街站,2号线汉口火车站,2号线中南路站,2号线中山公园站,2号线街道口站,
2021/1/8,2号线汉口火车站,4号线楚河汉街站,2号线中南路站,2号线街道口站,2号线中山公园站,
2021/1/9,2号线汉口火车站,2号线江汉路站,4号线楚河汉街站,2号线街道口站,4号线王家湾站,
2021/1/10,2号线汉口火车站,2号线江汉路站,4号线王家湾站,4号线楚河汉街站,2号线街道口站,
2021/1/11,4号线楚河汉街站,2号线汉口火车站,2号线中南路站,2号线中山公园站,4号线王家湾站,
2021/1/12,4号线楚河汉街站,2号线汉口火车站,2号线中南路站,2号线中山公园站,2号线街道口站,
2021/1/13,4号线楚河汉街站,2号线中南路站,2号线汉口火车站,2号线中山公园站,2号线街道口站,
2021/1/14,4号线楚河汉街站,2号线中南路站,2号线汉口火车站,2号线中山公园站,2号线街道口站,
2021/1/15,4号线楚河汉街站,2号线汉口火车站,2号线中南路站,4号线王家湾站,2号线中山公园站,
2021/1/16,4号线王家湾站,4号线楚河汉街站,2号线街道口站,2号线江汉路站,2号线中山公园站,
2021/1/17,4号线王家湾站,2号线汉口火车站,2号线江汉路站,4号线楚河汉街站,2号线街道口站,
2021/1/18,4号线楚河汉街站,2号线中南路站,2号线中山公园站,2号线汉口火车站,4号线王家湾站,
2021/1/19,4号线楚河汉街站,2号线中南路站,2号线中山公园站,4号线王家湾站,2号线江汉路站,
2021/1/20,4号线楚河汉街站,2号线中南路站,2号线中山公园站,4号线王家湾站,2号线汉口火车站,
2021/1/21,4号线楚河汉街站,2号线中南路站,4号线王家湾站,2号线中山公园站,2号线汉口火车站,
2021/1/22,4号线楚河汉街站,2号线中南路站,4号线王家湾站,2号线中山公园站,2号线汉口火车站,
2021/1/23,4号线王家湾站,4号线楚河汉街站,2号线江汉路站,2号线中山公园站,2号线街道口站,
2021/1/24,4号线王家湾站,2号线江汉路站,2号线中山公园站,2号线汉口火车站,4号线楚河汉街站,
2021/1/25,4号线楚河汉街站,2号线中南路站,2号线中山公园站,4号线王家湾站,2号线汉口火车站,
2021/1/26,4号线楚河汉街站,2号线中南路站,4号线王家湾站,2号线中山公园站,2号线江汉路站,
2021/1/27,4号线楚河汉街站,2号线中南路站,2号线汉口火车站,2号线中山公园站,4号线王家湾站,
2021/1/28,4号线楚河汉街站,2号线中南路站,4号线王家湾站,2号线中山公园站,2号线江汉路站,
2021/1/29,4号线楚河汉街站,2号线中南路站,4号线王家湾站,2号线中山公园站,2号线江汉路站,
2021/1/30,2号线江汉路站,4号线王家湾站,4号线楚河汉街站,2号线中山公园站,2号线街道口站,
2021/1/31,4号线王家湾站,2号线江汉路站,2号线中山公园站,2号线街道口站,4号线楚河汉街站,
2021/2/1,4号线楚河汉街站,2号线中南路站,2号线中山公园站,4号线王家湾站,2号线江汉路站,
2021/2/2,4号线楚河汉街站,2号线中南路站,2号线中山公园站,2号线江汉路站,4号线王家湾站,
2021/2/3,4号线楚河汉街站,2号线中南路站,2号线中山公园站,2号线江汉路站,4号线王家湾站,
2021/2/4,4号线楚河汉街站,2号线中南路站,2号线中山公园站,4号线王家湾站,2号线江汉路站,
2021/2/5,4号线楚河汉街站,2号线中南路站,4号线王家湾站,2号线汉口火车站,2号线中山公园站,
2021/2/6,2号线江汉路站,2号线汉口火车站,4号线王家湾站,4号线楚河汉街站,2号线中山公园站,
2021/2/7,2号线汉口火车站,4号线楚河汉街站,4号线王家湾站,2号线中南路站,2号线中山公园站,
2021/2/8,2号线汉口火车站,2号线中山公园站,2号线江汉路站,4号线王家湾站,4号线楚河汉街站,
2021/2/9,2号线汉口火车站,2号线中山公园站,2号线江汉路站,4号线王家湾站,4号线楚河汉街站,
2021/2/10,2号线汉口火车站,4号线王家湾站,2号线中山公园站,2号线江汉路站,6号线江汉路站,
2021/2/11,2号线江汉路站,4号线王家湾站,2号线汉口火车站,2号线中山公园站,6号线江汉路站,
2021/2/12,2号线江汉路站,6号线江汉路站,4号线王家湾站,2号线中山公园站,4号线楚河汉街站,
2021/2/13,2号线江汉路站,6号线江汉路站,2号线中山公园站,4号线王家湾站,4号线楚河汉街站,
2021/2/14,2号线江汉路站,6号线江汉路站,2号线中山公园站,4号线王家湾站,4号线楚河汉街站,
2021/2/15,2号线江汉路站,2号线汉口火车站,6号线江汉路站,2号线中山公园站,4号线王家湾站,
2021/2/16,2号线汉口火车站,2号线江汉路站,6号线江汉路站,4号线王家湾站,2号线中山公园站,
2021/2/17,2号线汉口火车站,4号线武汉火车站,2号线江汉路站,6号线江汉路站,4号线王家湾站,
2021/2/18,2号线汉口火车站,2号线江汉路站,4号线楚河汉街站,2号线中山公园站,4号线王家湾站,
2021/2/19,2号线汉口火车站,4号线楚河汉街站,2号线江汉路站,4号线王家湾站,2号线中山公园站,
2021/2/20,2号线汉口火车站,4号线楚河汉街站,2号线江汉路站,4号线王家湾站,2号线中山公园站,
2021/2/21,2号线汉口火车站,2号线江汉路站,4号线王家湾站,4号线楚河汉街站,6号线江汉路站,
2021/2/22,2号线汉口火车站,4号线楚河汉街站,2号线江汉路站,2号线中山公园站,4号线王家湾站,
2021/2/23,2号线汉口火车站,4号线楚河汉街站,2号线江汉路站,2号线中山公园站,4号线中南路站,
2021/2/24,2号线汉口火车站,4号线楚河汉街站,2号线江汉路站,2号线中南路站,2号线中山公园站,
2021/2/25,2号线汉口火车站,4号线楚河汉街站,2号线中南路站,2号线中山公园站,4号线王家湾站,
2021/2/26,2号线汉口火车站,2号线江汉路站,4号线楚河汉街站,4号线武汉火车站,4号线王家湾站,
2021/2/27,2号线汉口火车站,4号线武汉火车站,2号线江汉路站,4号线楚河汉街站,2号线珞雄路站,
2021/2/28,2号线汉口火车站,4号线武汉火车站,2号线珞雄路站,2号线街道口站,4号线王家湾站,
2021/3/1,2号线汉口火车站,4号线楚河汉街站,4号线武汉火车站,2号线中南路站,2号线中山公园站,
2021/3/2,2号线汉口火车站,4号线楚河汉街站,2号线江汉路站,2号线中山公园站,2号线中南路站,
2021/3/3,2号线汉口火车站,4号线楚河汉街站,2号线江汉路站,2号线中山公园站,2号线中南路站,
2021/3/4,4号线楚河汉街站,2号线汉口火车站,2号线江汉路站,2号线中山公园站,2号线中南路站,
2021/3/5,2号线汉口火车站,4号线楚河汉街站,2号线中南路站,4号线武汉火车站,2号线中山公园站,
2021/3/6,2号线汉口火车站,2号线江汉路站,2号线街道口站,2号线珞雄路站,4号线楚河汉街站,
2021/3/7,2号线汉口火车站,2号线江汉路站,2号线珞雄路站,2号线街道口站,4号线王家湾站,
2021/3/8,4号线楚河汉街站,2号线中山公园站,2号线汉口火车站,2号线街道口站,4号线王家湾站,
2021/3/9,4号线楚河汉街站,2号线汉口火车站,2号线中山公园站,2号线江汉路站,2号线中南路站,
2021/3/10,4号线楚河汉街站,2号线汉口火车站,2号线中南路站,2号线中山公园站,2号线江汉路站,
2021/3/11,4号线楚河汉街站,2号线汉口火车站,2号线中南路站,2号线江汉路站,2号线中山公园站,
2021/3/12,2号线汉口火车站,4号线楚河汉街站,2号线江汉路站,2号线街道口站,2号线中南路站,
2021/3/13,2号线江汉路站,2号线街道口站,2号线珞雄路站,4号线楚河汉街站,2号线光谷广场站,
2021/3/14,2号线江汉路站,2号线汉口火车站,2号线珞雄路站,2号线街道口站,2号线光谷广场站,
2021/3/15,2号线汉口火车站,4号线楚河汉街站,2号线中山公园站,2号线中南路站,2号线街道口站,
2021/3/16,2号线汉口火车站,4号线楚河汉街站,2号线中山公园站,2号线中南路站,2号线江汉路站,
2021/3/17,4号线楚河汉街站,2号线汉口火车站,2号线中山公园站,2号线中南路站,2号线江汉路站,
2021/3/18,2号线汉口火车站,4号线楚河汉街站,2号线中山公园站,2号线中南路站,2号线街道口站,
2021/3/19,2号线汉口火车站,4号线楚河汉街站,2号线街道口站,2号线中南路站,4号线武汉火车站,
2021/3/20,2号线江汉路站,2号线光谷广场站,2号线街道口站,2号线珞雄路站,4号线楚河汉街站,
2021/3/21,2号线江汉路站,2号线汉口火车站,2号线街道口站,2号线光谷广场站,2号线珞雄路站,
2021/3/22,2号线汉口火车站,2号线江汉路站,4号线楚河汉街站,2号线中山公园站,2号线光谷广场站,
2021/3/23,2号线江汉路站,2号线汉口火车站,4号线楚河汉街站,2号线中山公园站,2号线中南路站,
2021/3/24,2号线江汉路站,4号线楚河汉街站,2号线汉口火车站,2号线中山公园站,2号线中南路站,
2021/3/25,2号线汉口火车站,4号线楚河汉街站,2号线江汉路站,2号线中山公园站,2号线中南路站,
2021/3/26,2号线汉口火车站,4号线楚河汉街站,4号线武汉火车站,2号线中南路站,2号线街道口站,
2021/3/27,2号线江汉路站,2号线汉口火车站,2号线珞雄路站,2号线街道口站,4号线楚河汉街站,
2021/3/28,2号线江汉路站,2号线汉口火车站,2号线珞雄路站,2号线街道口站,4号线王家湾站,
2021/3/29,2号线汉口火车站,4号线楚河汉街站,2号线中山公园站,2号线江汉路站,2号线中南路站,
2021/3/30,2号线汉口火车站,4号线楚河汉街站,2号线中山公园站,2号线中南路站,4号线王家湾站,
2021/3/31,2号线汉口火车站,4号线楚河汉街站,2号线中南路站,2号线中山公园站,2号线街道口站,
2021/4/1,2号线汉口火车站,4号线楚河汉街站,2号线中南路站,2号线中山公园站,2号线江汉路站,
2021/4/2,2号线汉口火车站,4号线武汉火车站,4号线楚河汉街站,4号线武昌火车站,2号线江汉路站,
2021/4/3,2号线汉口火车站,2号线江汉路站,4号线武汉火车站,2号线珞雄路站,6号线江汉路站,
2021/4/4,2号线江汉路站,2号线汉口火车站,2号线珞雄路站,6号线江汉路站,4号线楚河汉街站,
2021/4/5,2号线汉口火车站,4号线武汉火车站,2号线江汉路站,2号线珞雄路站,4号线武昌火车站,
2021/4/6,2号线汉口火车站,4号线楚河汉街站,4号线武汉火车站,2号线江汉路站,2号线中山公园站,
2021/4/7,2号线汉口火车站,4号线楚河汉街站,2号线中山公园站,2号线中南路站,4号线王家湾站,
2021/4/8,2号线汉口火车站,4号线楚河汉街站,2号线江汉路站,2号线中南路站,2号线中山公园站,
2021/4/9,2号线汉口火车站,2号线江汉路站,4号线楚河汉街站,2号线街道口站,2号线中南路站,
2021/4/10,2号线江汉路站,2号线珞雄路站,2号线街道口站,4号线楚河汉街站,2号线汉口火车站,
2021/4/11,2号线汉口火车站,2号线江汉路站,4号线武汉火车站,2号线珞雄路站,2号线街道口站,
2021/4/12,2号线汉口火车站,4号线楚河汉街站,2号线江汉路站,2号线中山公园站,2号线中南路站,
2021/4/13,4号线楚河汉街站,2号线汉口火车站,2号线江汉路站,2号线中山公园站,2号线中南路站,
2021/4/14,4号线楚河汉街站,2号线汉口火车站,2号线江汉路站,2号线中山公园站,2号线中南路站,
2021/4/15,2号线汉口火车站,4号线楚河汉街站,2号线江汉路站,2号线中山公园站,2号线中南路站,
2021/4/16,2号线汉口火车站,2号线江汉路站,4号线楚河汉街站,4号线武汉火车站,2号线街道口站,
2021/4/17,2号线江汉路站,2号线珞雄路站,4号线楚河汉街站,2号线街道口站,2号线汉口火车站,
2021/4/18,2号线汉口火车站,2号线江汉路站,2号线珞雄路站,4号线武汉火车站,4号线王家湾站,
2021/4/19,2号线汉口火车站,4号线楚河汉街站,2号线江汉路站,2号线中山公园站,2号线中南路站,
2021/4/20,2号线汉口火车站,4号线楚河汉街站,2号线中山公园站,2号线江汉路站,2号线中南路站,
2021/4/21,2号线汉口火车站,4号线楚河汉街站,2号线中南路站,2号线中山公园站,2号线江汉路站,
2021/4/22,2号线汉口火车站,4号线楚河汉街站,2号线江汉路站,2号线中山公园站,2号线中南路站,
2021/4/23,2号线汉口火车站,2号线江汉路站,4号线楚河汉街站,2号线街道口站,2号线中南路站,
2021/4/24,2号线汉口火车站,2号线江汉路站,2号线街道口站,2号线珞雄路站,4号线王家湾站,
2021/4/25,2号线汉口火车站,2号线江汉路站,4号线楚河汉街站,2号线中南路站,4号线王家湾站,
2021/4/26,2号线汉口火车站,4号线楚河汉街站,2号线江汉路站,2号线中山公园站,2号线中南路站,
2021/4/27,2号线汉口火车站,4号线楚河汉街站,2号线江汉路站,2号线中山公园站,2号线中南路站,
2021/4/28,2号线汉口火车站,4号线楚河汉街站,2号线江汉路站,2号线中山公园站,2号线中南路站,
2021/4/29,2号线汉口火车站,4号线武汉火车站,2号线江汉路站,4号线楚河汉街站,2号线中山公园站,
2021/4/30,2号线汉口火车站,4号线武汉火车站,2号线江汉路站,4号线武昌火车站,4号线楚河汉街站,
2021/5/1,2号线汉口火车站,2号线江汉路站,4号线武汉火车站,6号线江汉路站,2号线珞雄路站,
2021/5/2,2号线江汉路站,2号线汉口火车站,4号线武汉火车站,6号线江汉路站,4号线楚河汉街站,
2021/5/3,2号线汉口火车站,2号线江汉路站,4号线武汉火车站,4号线楚河汉街站,2号线珞雄路站,
2021/5/4,2号线汉口火车站,2号线江汉路站,4号线武汉火车站,6号线江汉路站,4号线楚河汉街站,
2021/5/5,2号线汉口火车站,4号线武汉火车站,2号线江汉路站,4号线武昌火车站,7号线武昌火车站,
2021/5/6,2号线汉口火车站,4号线武汉火车站,4号线楚河汉街站,2号线江汉路站,2号线中山公园站,
2021/5/7,2号线汉口火车站,4号线楚河汉街站,2号线江汉路站,2号线中山公园站,2号线中南路站,
2021/5/8,2号线汉口火车站,2号线江汉路站,4号线楚河汉街站,2号线中南路站,2号线街道口站,
2021/5/9,2号线江汉路站,2号线汉口火车站,2号线珞雄路站,2号线街道口站,4号线王家湾站,
2021/5/10,2号线汉口火车站,4号线楚河汉街站,2号线中山公园站,2号线中南路站,4号线武汉火车站,
2021/5/11,2号线汉口火车站,4号线楚河汉街站,2号线中山公园站,2号线中南路站,2号线江汉路站,
2021/5/12,2号线汉口火车站,4号线楚河汉街站,2号线江汉路站,2号线中山公园站,2号线中南路站,
2021/5/13,2号线汉口火车站,4号线楚河汉街站,2号线中山公园站,2号线中南路站,2号线江汉路站,
2021/5/14,2号线汉口火车站,4号线楚河汉街站,2号线江汉路站,4号线武汉火车站,2号线中南路站,
2021/5/15,2号线汉口火车站,2号线江汉路站,2号线街道口站,2号线珞雄路站,4号线王家湾站,
2021/5/16,2号线汉口火车站,2号线江汉路站,4号线武汉火车站,2号线珞雄路站,2号线街道口站,
2021/5/17,2号线汉口火车站,4号线楚河汉街站,2号线江汉路站,2号线中山公园站,2号线中南路站,
2021/5/18,2号线汉口火车站,4号线楚河汉街站,2号线江汉路站,2号线中山公园站,2号线中南路站,
2021/5/19,2号线汉口火车站,4号线楚河汉街站,2号线中山公园站,2号线江汉路站,2号线中南路站,
2021/5/20,2号线江汉路站,4号线楚河汉街站,2号线汉口火车站,2号线街道口站,2号线中山公园站,
2021/5/21,2号线汉口火车站,2号线江汉路站,4号线楚河汉街站,4号线武汉火车站,2号线街道口站,
2021/5/22,2号线江汉路站,2号线汉口火车站,2号线街道口站,2号线珞雄路站,4号线楚河汉街站,
2021/5/23,2号线汉口火车站,2号线江汉路站,4号线武汉火车站,2号线珞雄路站,2号线街道口站,
2021/5/24,2号线汉口火车站,4号线楚河汉街站,2号线江汉路站,2号线中山公园站,2号线中南路站,
2021/5/25,2号线汉口火车站,4号线楚河汉街站,2号线江汉路站,2号线中山公园站,2号线中南路站,
2021/5/26,2号线汉口火车站,4号线楚河汉街站,2号线中南路站,2号线中山公园站,2号线街道口站,
2021/5/27,2号线汉口火车站,4号线楚河汉街站,2号线江汉路站,2号线中南路站,2号线中山公园站,
2021/5/28,2号线汉口火车站,4号线楚河汉街站,2号线江汉路站,4号线武汉火车站,2号线中南路站,
2021/5/29,2号线江汉路站,2号线汉口火车站,2号线珞雄路站,2号线街道口站,6号线江汉路站,
2021/5/30,2号线汉口火车站,2号线江汉路站,2号线珞雄路站,2号线街道口站,4号线王家湾站,
2021/5/31,2号线汉口火车站,4号线楚河汉街站,2号线江汉路站,2号线中山公园站,2号线中南路站,
2021/6/1,2号线江汉路站,4号线楚河汉街站,2号线中山公园站,2号线汉口火车站,4号线王家湾站,
2021/6/2,2号线汉口火车站,4号线楚河汉街站,2号线江汉路站,2号线中山公园站,2号线中南路站,
2021/6/3,2号线汉口火车站,4号线楚河汉街站,2号线中南路站,2号线中山公园站,2号线江汉路站,
2021/6/4,2号线汉口火车站,4号线楚河汉街站,2号线江汉路站,2号线中南路站,2号线中山公园站,
2021/6/5,2号线江汉路站,2号线汉口火车站,2号线珞雄路站,2号线街道口站,4号线楚河汉街站,
2021/6/6,2号线汉口火车站,2号线江汉路站,2号线珞雄路站,2号线街道口站,4号线王家湾站,
2021/6/7,2号线汉口火车站,4号线楚河汉街站,2号线江汉路站,2号线中山公园站,2号线中南路站,
2021/6/8,2号线汉口火车站,4号线楚河汉街站,2号线江汉路站,2号线中山公园站,2号线中南路站,
2021/6/9,2号线汉口火车站,4号线楚河汉街站,2号线江汉路站,2号线中南路站,2号线中山公园站,
2021/6/10,2号线汉口火车站,4号线楚河汉街站,2号线江汉路站,2号线中山公园站,2号线中南路站,
2021/6/11,2号线汉口火车站,4号线武汉火车站,4号线楚河汉街站,2号线江汉路站,2号线中南路站,
2021/6/12,2号线汉口火车站,2号线江汉路站,4号线武汉火车站,2号线珞雄路站,2号线街道口站,
2021/6/13,2号线江汉路站,2号线汉口火车站,2号线珞雄路站,6号线江汉路站,2号线街道口站,
2021/6/14,2号线汉口火车站,4号线武汉火车站,2号线江汉路站,2号线珞雄路站,6号线江汉路站,
2021/6/15,2号线汉口火车站,4号线楚河汉街站,4号线武汉火车站,2号线江汉路站,2号线中山公园站,
2021/6/16,2号线汉口火车站,4号线楚河汉街站,2号线江汉路站,2号线中山公园站,2号线中南路站,
2021/6/17,2号线汉口火车站,4号线楚河汉街站,2号线江汉路站,2号线中南路站,2号线中山公园站,
2021/6/18,2号线汉口火车站,4号线楚河汉街站,2号线江汉路站,4号线武汉火车站,2号线中南路站,
2021/6/19,2号线汉口火车站,2号线江汉路站,2号线珞雄路站,2号线街道口站,4号线楚河汉街站,
2021/6/20,2号线汉口火车站,2号线江汉路站,2号线珞雄路站,4号线武汉火车站,2号线街道口站,
2021/6/21,2号线汉口火车站,4号线楚河汉街站,2号线江汉路站,2号线中山公园站,2号线街道口站,
2021/6/22,2号线汉口火车站,4号线楚河汉街站,2号线江汉路站,2号线中山公园站,2号线街道口站,
2021/6/23,2号线汉口火车站,4号线楚河汉街站,2号线江汉路站,2号线中南路站,2号线中山公园站,
2021/6/24,2号线汉口火车站,4号线楚河汉街站,2号线江汉路站,2号线中南路站,2号线中山公园站,
2021/6/25,2号线汉口火车站,2号线江汉路站,4号线楚河汉街站,2号线街道口站,4号线武汉火车站,
2021/6/26,2号线汉口火车站,2号线江汉路站,2号线街道口站,2号线珞雄路站,4号线王家湾站,
2021/6/27,2号线汉口火车站,4号线武汉火车站,2号线江汉路站,4号线王家湾站,2号线街道口站,
2021/6/28,2号线汉口火车站,4号线楚河汉街站,2号线江汉路站,2号线中山公园站,2号线中南路站,
2021/6/29,2号线汉口火车站,4号线楚河汉街站,2号线江汉路站,2号线中山公园站,2号线中南路站,
2021/6/30,2号线汉口火车站,2号线江汉路站,4号线楚河汉街站,2号线中山公园站,2号线中南路站,
2021/7/1,2号线汉口火车站,4号线楚河汉街站,2号线江汉路站,2号线中山公园站,2号线中南路站,
2021/7/2,2号线汉口火车站,4号线楚河汉街站,4号线武汉火车站,2号线江汉路站,2号线中南路站,
2021/7/3,2号线汉口火车站,2号线江汉路站,4号线武汉火车站,4号线王家湾站,2号线街道口站,
2021/7/4,2号线汉口火车站,2号线江汉路站,4号线武汉火车站,4号线王家湾站,2号线珞雄路站,
2021/7/5,2号线汉口火车站,4号线楚河汉街站,2号线中南路站,2号线中山公园站,4号线武汉火车站,
2021/7/6,2号线汉口火车站,2号线江汉路站,4号线楚河汉街站,2号线中南路站,2号线中山公园站,
2021/7/7,2号线汉口火车站,4号线楚河汉街站,2号线江汉路站,2号线中南路站,2号线中山公园站,
2021/7/8,2号线汉口火车站,4号线楚河汉街站,2号线江汉路站,2号线中南路站,2号线中山公园站,
2021/7/9,2号线汉口火车站,2号线江汉路站,4号线楚河汉街站,4号线武汉火车站,2号线中南路站,
2021/7/10,2号线汉口火车站,2号线江汉路站,4号线武汉火车站,4号线王家湾站,2号线街道口站,
2021/7/11,2号线汉口火车站,2号线江汉路站,4号线武汉火车站,4号线王家湾站,2号线珞雄路站,
2021/7/12,2号线汉口火车站,4号线楚河汉街站,2号线江汉路站,2号线中南路站,2号线中山公园站,
2021/7/13,2号线汉口火车站,4号线楚河汉街站,2号线中南路站,2号线江汉路站,2号线中山公园站 ,
2021/7/14,2号线汉口火车站,4号线楚河汉街站,2号线中南路站,2号线江汉路站,2号线中山公园站,
2021/7/15,2号线汉口火车站,4号线楚河汉街站,2号线中南路站,2号线江汉路站,2号线中山公园站,
2021/7/16,2号线汉口火车站,4号线楚河汉街站,2号线江汉路站,4号线武汉火车站,2号线中南路站,
2021/7/17,2号线汉口火车站,2号线江汉路站,4号线王家湾站,4号线武汉火车站,4号线楚河汉街站,
2021/7/18,2号线汉口火车站,2号线江汉路站,4号线武汉火车站,4号线王家湾站,2号线珞雄路站,
2021/7/19,2号线汉口火车站,4号线楚河汉街站,2号线中山公园站,2号线中南路站,2号线江汉路站,
2021/7/20,2号线汉口火车站,4号线楚河汉街站,2号线中南路站,2号线中山公园站,2号线江汉路站,
2021/7/21,2号线汉口火车站,4号线楚河汉街站,2号线中南路站,2号线江汉路站,2号线中山公园站,
2021/7/22,2号线汉口火车站,4号线楚河汉街站,2号线中南路站,2号线江汉路站,2号线中山公园站,
2021/7/23,2号线汉口火车站,4号线楚河汉街站,2号线江汉路站,2号线中南路站,4号线武汉火车站,
2021/7/24,2号线汉口火车站,2号线江汉路站,4号线武汉火车站,4号线王家湾站,4号线楚河汉街站,
2021/7/25,2号线汉口火车站,2号线江汉路站,4号线武汉火车站,4号线王家湾站,2号线珞雄路站,
2021/7/26,2号线汉口火车站,4号线楚河汉街站,2号线江汉路站,2号线中南路站,2号线中山公园站,
2021/7/27,2号线汉口火车站,4号线楚河汉街站,2号线中南路站,2号线江汉路站,2号线中山公园站,
2021/7/28,2号线汉口火车站,4号线楚河汉街站,2号线江汉路站,2号线中南路站,2号线中山公园站,
2021/7/29,2号线汉口火车站,4号线楚河汉街站,2号线中南路站,2号线江汉路站,2号线中山公园站,
2021/7/30,2号线汉口火车站,4号线楚河汉街站,2号线江汉路站,2号线中南路站,4号线武汉火车站,
2021/7/31,2号线汉口火车站,2号线江汉路站,4号线王家湾站,4号线武汉火车站,2号线街道口站,
2021/8/1,2号线汉口火车站,2号线江汉路站,4号线武汉火车站,4号线王家湾站,2号线珞雄路站,
2021/8/2,2号线汉口火车站,4号线楚河汉街站,2号线中南路站,2号线中山公园站,4号线王家湾站,
2021/8/3,4号线楚河汉街站,2号线汉口火车站,2号线中南路站,2号线中山公园站,4号线王家湾站,
2021/8/4,4号线楚河汉街站,2号线中南路站,2号线中山公园站,4号线王家湾站,2号线汉口火车站,
2021/8/5,4号线楚河汉街站,2号线中南路站,2号线中山公园站,4号线王家湾站,2号线洪山广场站,
2021/8/6,4号线楚河汉街站,2号线中南路站,2号线中山公园站,4号线王家湾站,2号线洪山广场站,
2021/8/7,4号线王家湾站,4号线楚河汉街站,2号线中山公园站,2号线街道口站,2号线中南路站,
2021/8/8,4号线王家湾站,2号线汉口火车站,2号线中山公园站,2号线街道口站,2号线江汉路站,
2021/8/9,4号线楚河汉街站,2号线中南路站,2号线中山公园站,4号线王家湾站,2号线洪山广场站,
2021/8/10,4号线楚河汉街站,2号线中南路站,2号线中山公园站,4号线王家湾站,2号线洪山广场站,
2021/8/11,4号线楚河汉街站,2号线中南路站,2号线中山公园站,4号线王家湾站,2号线洪山广场站,
2021/8/12,4号线楚河汉街站,2号线中南路站,4号线王家湾站,2号线中山公园站,2号线洪山广场站,
2021/8/13,4号线楚河汉街站,2号线中南路站,4号线王家湾站,2号线中山公园站,2号线洪山广场站,
2021/8/14,4号线王家湾站,4号线楚河汉街站,2号线街道口站,2号线中山公园站,2号线江汉路站,
2021/8/15,4号线王家湾站,2号线中山公园站,2号线江汉路站,2号线汉口火车站,2号线街道口站,
2021/8/16,4号线楚河汉街站,4号线王家湾站,2号线中南路站,2号线中山公园站,2号线江汉路站,
2021/8/17,4号线楚河汉街站,2号线中南路站,4号线王家湾站,2号线中山公园站,2号线江汉路站,
2021/8/18,4号线楚河汉街站,2号线中南路站,4号线王家湾站,2号线中山公园站,2号线江汉路站,
2021/8/19,4号线楚河汉街站,2号线中南路站,4号线王家湾站,2号线中山公园站,2号线江汉路站,
2021/8/20,4号线楚河汉街站,2号线中南路站,4号线王家湾站,2号线中山公园站,2号线汉口火车站,
2021/8/21,4号线王家湾站,2号线江汉路站,4号线楚河汉街站,2号线街道口站,6号线江汉路站,
2021/8/22,4号线王家湾站,2号线江汉路站,2号线汉口火车站,2号线街道口站,6号线江汉路站,
2021/8/23,4号线楚河汉街站,2号线中南路站,4号线王家湾站,2号线中山公园站,2号线江汉路站,
2021/8/24,4号线楚河汉街站,2号线中南路站,4号线王家湾站,2号线中山公园站,2号线汉口火车站,
2021/8/25,4号线楚河汉街站,2号线中南路站,4号线王家湾站,2号线江汉路站,2号线中山公园站,
2021/8/26,4号线楚河汉街站,2号线江汉路站,2号线中南路站,4号线王家湾站,2号线中山公园站,
2021/8/27,4号线楚河汉街站,2号线汉口火车站,2号线江汉路站,2号线中南路站,4号线王家湾站,
2021/8/28,2号线汉口火车站,2号线江汉路,4号线楚河汉街站,4号线王家湾站,2号线珞雄路,
2021/8/29,2号线汉口火车站,2号线江汉路站,4号线王家湾站,4号线武汉火车站,2号线珞雄路站,
2021/8/30,2号线汉口火车站,4号线楚河汉街站,2号线中山公园站,2号线江汉路站,4号线王家湾站,
2021/8/31,2号线汉口火车站,4号线楚河汉街站,4号线王家湾站,2号线中山公园站,2号线中南路站,
2021/9/1,2号线汉口火车站,4号线楚河汉街站,2号线中南路,2号线中山公园,2号线江汉路,
2021/9/2,2号线汉口火车站,4号线楚河汉街站,2号线江汉路站,2号线中南路站,2号线中山公园站,
2021/9/3,2号线汉口火车站,4号线楚河汉街站,4号线武汉火车站,2号线江汉路站,2号线中南路站,
2021/9/4,2号线汉口火车站,2号线江汉路站,4号线武汉火车站,2号线街道口站,2号线珞雄路站,
2021/9/5,2号线汉口火车站,2号线江汉路,4号线武汉火车站,2号线街道口,2号线珞雄路,
2021/9/6,2号线汉口火车站,4号线楚河汉街站,2号线中山公园站,2号线中南路站,2号线江汉路站,
2021/9/7,4号线楚河汉街站,2号线汉口火车站,2号线江汉路站,2号线中山公园站,2号线中南路站,
2021/9/8,4号线楚河汉街站,2号线汉口火车站,2号线江汉路站,2号线中山公园站,2号线中南路站,
2021/9/9,2号线汉口火车站,4号线楚河汉街站,2号线中山公园站,2号线江汉路站,2号线中南路站,
2021/9/10,2号线汉口火车站,4号线楚河汉街站,2号线江汉路站,2号线中山公园站,2号线街道口站,
2021/9/11,2号线江汉路站,2号线汉口火车站,2号线珞雄路站,2号线街道口站,6号线江汉路站,
2021/9/12,2号线汉口火车站,2号线江汉路站,2号线珞雄路站,2号线街道口站,4号线王家湾站,
2021/9/13,2号线汉口火车站,4号线楚河汉街站,2号线中山公园站,2号线江汉路站,2号线中南路站,
2021/9/14,2号线汉口火车站,4号线楚河汉街站,2号线中山公园站,2号线江汉路站,2号线中南路站,
2021/9/15,2号线汉口火车站,4号线楚河汉街站,2号线中山公园站,2号线江汉路站,2号线中南路站,
2021/9/16,2号线汉口火车站,4号线楚河汉街站,2号线中山公园站,2号线江汉路站,2号线中南路站,
2021/9/17,2号线汉口火车站,4号线楚河汉街站,2号线中山公园站,2号线江汉路站,2号线中南路站,
2021/9/18,2号线汉口火车站,2号线江汉路站,4号线武汉火车站,4号线楚河汉街站,2号线街道口站,
2021/9/19,2号线汉口火车站,2号线江汉路站,2号线珞雄路站,2号线街道口站,6号线江汉路站,
2021/9/20,2号线江汉路站,2号线珞雄路站,6号线江汉路站,2号线街道口站,2号线汉口火车站,
2021/9/21,2号线汉口火车站,2号线江汉路站,2号线珞雄路站,4号线武汉火车站,2号线街道口站,
2021/9/22,2号线汉口火车站,4号线楚河汉街站,2号线中山公园站,2号线江汉路站,4号线武汉火车站,
2021/9/23,2号线汉口火车站,4号线楚河汉街站,2号线中山公园站,2号线中南路站,2号线江汉路站,
2021/9/24,2号线汉口火车站,4号线楚河汉街站,2号线江汉路站,2号线中南路站,2号线中山公园站,
2021/9/25,2号线江汉路站,2号线珞雄路站,2号线街道口站,2号线汉口火车站,4号线王家湾站,
2021/9/26,2号线汉口火车站,4号线楚河汉街站,2号线江汉路站,2号线中南路站,2号线街道口站,
2021/9/27,2号线汉口火车站,4号线楚河汉街站,2号线中山公园站,2号线江汉路站,2号线中南路站,
2021/9/28,2号线汉口火车站,4号线楚河汉街站,2号线中山公园站,2号线江汉路站,2号线中南路站,
2021/9/29,2号线汉口火车站,4号线楚河汉街站,2号线江汉路站,4号线武汉火车站,2号线中山公园站,
2021/9/30,2号线汉口火车站,4号线武汉火车站,2号线江汉路站,4号线武昌火车站,2号线街道口站,
2021/10/1,2号线汉口火车站,2号线江汉路站,4号线武汉火车站,6号线江汉路站,2号线珞雄路站,
2021/10/2,2号线江汉路站,2号线汉口火车站,6号线江汉路站,2号线珞雄路站,4号线武汉火车站,
2021/10/3,2号线汉口火车站,2号线江汉路站,4号线武汉火车站,6号线江汉路站,2号线珞雄路站,
2021/10/4,2号线汉口火车站,2号线江汉路站,4号线武汉火车站,2号线中山公园站,6号线江汉路站,
2021/10/5,2号线汉口火车站,2号线江汉路站,4号线武汉火车站,6号线江汉路站,2号线珞雄路站,
2021/10/6,2号线汉口火车站,2号线江汉路站,4号线武汉火车站,2号线珞雄路站,6号线江汉路站,
2021/10/7,2号线汉口火车站,4号线武汉火车站,2号线江汉路站,2号线珞雄路站,2号线街道口站,
2021/10/8,2号线汉口火车站,2号线江汉路站,4号线楚河汉街站,4号线武汉火车站,2号线中山公园站,
2021/10/9,2号线江汉路站,2号线汉口火车站,4号线楚河汉街站,2号线珞雄路站,2号线街道口站,
2021/10/10,2号线汉口火车站,2号线珞雄路站,2号线江汉路站,2号线街道口站,4号线王家湾站,
2021/10/11,2号线汉口火车站,4号线楚河汉街站,2号线江汉路站,2号线中山公园站,4号线王家湾站,
2021/10/12,2号线汉口火车站,2号线江汉路站,4号线楚河汉街站,2号线中山公园站,2号线中南路站,
2021/10/13,2号线汉口火车站,4号线楚河汉街站,2号线江汉路站,2号线中山公园站,2号线中南路站,
2021/10/14,2号线汉口火车站,4号线楚河汉街站,2号线中山公园站,2号线中南路站,2号线江汉路站,
2021/10/15,2号线汉口火车站,2号线江汉路站,4号线楚河汉街站,2号线街道口站,2号线中山公园站,
2021/10/16,2号线江汉路站,2号线珞雄路站,2号线街道口站,2号线汉口火车站,6号线江汉路站,
2021/10/17,2号线江汉路站,2号线汉口火车站,2号线珞雄路站,2号线街道口站,6号线江汉路站,
2021/10/18,2号线汉口火车站,2号线江汉路站,4号线楚河汉街站,2号线中山公园站,2号线中南路站,
2021/10/19,2号线汉口火车站,4号线楚河汉街站,2号线中山公园站,2号线江汉路站,2号线中南路站,
2021/10/20,2号线汉口火车站,4号线楚河汉街站,2号线中山公园站,2号线中南路站,4号线王家湾站,
2021/10/21,2号线汉口火车站,4号线楚河汉街站,2号线江汉路站,2号线中山公园站,2号线中南路站,
2021/10/22,2号线汉口火车站,2号线江汉路站,4号线楚河汉街站,2号线中山公园站,2号线街道口站,
2021/10/23,2号线江汉路站,2号线街道口站,6号线江汉路站,2号线珞雄路站,2号线中山公园站,
2021/10/24,2号线江汉路站,2号线汉口火车站,2号线街道口站,2号线珞雄路站,4号线王家湾站,
2021/10/25,2号线汉口火车站,4号线楚河汉街站,2号线江汉路站,2号线中山公园站,2号线中南路站,
2021/10/26,4号线楚河汉街站,2号线江汉路站,2号线中山公园站,2号线汉口火车站,2号线中南路站,
2021/10/27,4号线楚河汉街站,2号线江汉路站,2号线中山公园站,2号线汉口火车站,2号线中南路站,
2021/10/28,4号线楚河汉街站,2号线江汉路站,2号线汉口火车站,2号线中山公园站,2号线中南路站,
2021/10/29,2号线汉口火车站,2号线江汉路站,4号线楚河汉街站,2号线街道口站,2号线中南路站,
2021/10/30,2号线江汉路站,2号线珞雄路站,2号线街道口站,6号线江汉路站,4号线王家湾站,
2021/10/31,2号线江汉路站,2号线汉口火车站,2号线珞雄路站,2号线街道口站,6号线江汉路站,
2021/11/1,2号线江汉路站,2号线汉口火车站,4号线楚河汉街站,2号线中山公园站,4号线王家湾站,
2021/11/2,2号线江汉路站,4号线楚河汉街站,2号线中山公园站,2号线汉口火车站,2号线中南路站,
2021/11/3,4号线楚河汉街站,2号线江汉路站,2号线中山公园站,2号线汉口火车站,2号线中南路站,
2021/11/4,4号线楚河汉街站,2号线江汉路站,2号线中山公园站,2号线汉口火车站,2号线中南路站,
2021/11/5,2号线汉口火车站,4号线楚河汉街站,2号线街道口站,2号线江汉路站,2号线中南路站,
2021/11/6,2号线江汉路站,2号线珞雄路站,2号线街道口站,6号线江汉路站,4号线王家湾站,
2021/11/7,2号线汉口火车站,2号线江汉路站,4号线王家湾站,2号线珞雄路站,2号线街道口站,
2021/11/8,4号线楚河汉街站,2号线江汉路站,2号线中山公园站,2号线汉口火车站,2号线中南路站,
2021/11/9,4号线楚河汉街站,2号线江汉路站,2号线中山公园站,2号线中南路站,4号线王家湾站,
2021/11/10,4号线楚河汉街站,2号线江汉路站,2号线中山公园站,2号线中南路站,4号线王家湾站,
2021/11/11,4号线楚河汉街站,2号线江汉路站,2号线中山公园站,2号线中南路站,4号线王家湾站,
2021/11/12,2号线汉口火车站,2号线江汉路站,4号线楚河汉街站,2号线街道口站,2号线中南路站,
2021/11/13,2号线江汉路站,2号线街道口站,2号线珞雄路站,6号线江汉路站,4号线王家湾站,
2021/11/14,2号线江汉路站,2号线珞雄路站,2号线汉口火车站,2号线街道口站,4号线王家湾站,
2021/11/15,4号线楚河汉街站,2号线江汉路站,2号线汉口火车站,2号线中山公园站,2号线中南路站,
2021/11/16,4号线楚河汉街站,2号线江汉路站,2号线中山公园站,2号线中南路站,2号线汉口火车站,
2021/11/17,4号线楚河汉街站,2号线江汉路站,2号线中山公园站,2号线中南路站,2号线汉口火车站,
2021/11/18,4号线楚河汉街站,2号线江汉路站,2号线中山公园站,2号线中南路站,2号线汉口火车站,
2021/11/19,2号线汉口火车站,2号线江汉路站,4号线楚河汉街站,2号线街道口站,4号线王家湾站,
2021/11/20,2号线江汉路站,2号线珞雄路站,2号线街道口站,6号线江汉路站,4号线王家湾站,
2021/11/21,2号线江汉路站,2号线汉口火车站,2号线珞雄路站,2号线街道口站,4号线王家湾站,
2021/11/22,4号线楚河汉街站,2号线汉口火车站,2号线江汉路站,2号线中山公园站,2号线中南路站,
2021/11/23,4号线楚河汉街站,2号线江汉路站,2号线中山公园站,2号线汉口火车站,2号线中南路站,
2021/11/24,4号线楚河汉街站,2号线江汉路站,2号线中山公园站,2号线中南路站,2号线汉口火车站,
2021/11/25,4号线楚河汉街站,2号线江汉路站,2号线中山公园站,2号线汉口火车站,2号线中南路站,
2021/11/26,2号线汉口火车站,2号线江汉路站,4号线楚河汉街站,2号线街道口站,2号线中南路站,
2021/11/27,2号线江汉路站,2号线街道口站,2号线珞雄路站,6号线江汉路站,2号线汉口火车站,
2021/11/28,2号线江汉路站,2号线汉口火车站,2号线街道口站,2号线珞雄路站,6号线江汉路站,
2021/11/29,2号线汉口火车站,4号线楚河汉街站,2号线江汉路站,2号线中山公园站,2号线中南路站,
2021/11/30,4号线楚河汉街站,2号线中山公园站,2号线江汉路站,2号线汉口火车站,2号线中南路站,
2021/12/1,4号线楚河汉街站,2号线江汉路站,2号线中山公园站,2号线汉口火车站,2号线中南路站,
2021/12/2,4号线楚河汉街站,2号线江汉路站,2号线中山公园站,2号线汉口火车站,2号线中南路站,
2021/12/3,2号线汉口火车站,2号线江汉路站,4号线楚河汉街站,2号线街道口站,2号线中山公园站,
2021/12/4,2号线江汉路站,2号线街道口站,2号线珞雄路站,6号线江汉路站,2号线中山公园站,
2021/12/5,2号线江汉路站,2号线汉口火车站,2号线珞雄路站,2号线街道口站,4号线王家湾站,
2021/12/6,4号线楚河汉街站,2号线汉口火车站,2号线江汉路站,2号线中山公园站,2号线中南路站,
2021/12/7,4号线楚河汉街站,2号线江汉路站,2号线中山公园站,2号线汉口火车站,2号线中南路站,
2021/12/8,4号线楚河汉街站,2号线江汉路站,2号线中山公园站,2号线汉口火车站,2号线中南路站,
2021/12/9,4号线楚河汉街站,2号线江汉路站,2号线中山公园站,2号线汉口火车站,2号线中南路站,
2021/12/10,2号线汉口火车站,2号线江汉路站,4号线楚河汉街站,2号线街道口站,2号线中南路站,
2021/12/11,2号线江汉路站,2号线街道口站,2号线珞雄路站,6号线江汉路站,4号线王家湾站,
2021/12/12,2号线江汉路站,2号线汉口火车站,2号线街道口站,2号线珞雄路站,4号线王家湾站,
2021/12/13,4号线楚河汉街站,2号线汉口火车站,2号线中山公园站,2号线江汉路站,2号线中南路站,
2021/12/14,4号线楚河汉街站,2号线中山公园站,2号线江汉路站,2号线中南路站,2号线汉口火车站,
2021/12/15,4号线楚河汉街站,2号线中山公园站,2号线汉口火车站,2号线中南路站,2号线江汉路站,
2021/12/16,4号线楚河汉街站,2号线中山公园站,2号线江汉路站,2号线汉口火车站,2号线中南路站,
2021/12/17,2号线汉口火车站,2号线江汉路站,4号线楚河汉街站,2号线中南路站,2号线街道口站,
2021/12/18,2号线江汉路站,2号线街道口站,2号线珞雄路站,6号线江汉路站,4号线王家湾站,
2021/12/19,2号线江汉路站,2号线汉口火车站,2号线珞雄路站,2号线街道口站,4号线王家湾站,
2021/12/20,4号线楚河汉街站,2号线江汉路站,2号线汉口火车站,2号线中山公园站,2号线中南路站,
2021/12/21,4号线楚河汉街站,2号线江汉路站,2号线中山公园站,2号线中南路站,2号线汉口火车站,
2021/12/22,4号线楚河汉街站,2号线江汉路站,2号线中山公园站,2号线汉口火车站,2号线中南路站,
2021/12/23,4号线楚河汉街站,2号线江汉路站,2号线街道口站,2号线汉口火车站,2号线中山公园站,
2021/12/24,2号线街道口站,2号线江汉路站,2号线汉口火车站,4号线楚河汉街站,2号线中山公园站,
2021/12/25,2号线江汉路站,2号线街道口站,2号线珞雄路站,6号线江汉路站,4号线王家湾站,
2021/12/26,2号线江汉路站,2号线汉口火车站,2号线街道口站,2号线珞雄路站,4号线王家湾站,
2021/12/27,4号线楚河汉街站,2号线汉口火车站,2号线江汉路站,2号线中山公园站,2号线街道口站,
2021/12/28,2号线江汉路站,4号线楚河汉街站,2号线汉口火车站,2号线中山公园站,2号线街道口站,
2021/12/29,2号线汉口火车站,2号线江汉路站,4号线楚河汉街站,2号线中山公园站,2号线街道口站,
2021/12/30,2号线汉口火车站,2号线江汉路站,4号线楚河汉街站,2号线街道口站,2号线中山公园站,
2021/12/31,2号线汉口火车站,2号线江汉路站,2号线街道口站,2号线珞雄路站,4号线楚河汉街站,
2022/1/1,2号线江汉路站,2号线汉口火车站,6号线江汉路站,2号线珞雄路站,2号线街道口站,
2022/1/2,2号线江汉路站,2号线汉口火车站,6号线江汉路站,2号线珞雄路站,2号线街道口站,
2022/1/3,2号线汉口火车站,2号线江汉路站,4号线武汉火车站,2号线中山公园站,2号线街道口站,
2022/1/4,2号线汉口火车站,4号线楚河汉街站,2号线中山公园站,2号线江汉路站,2号线中南路站,
2022/1/5,2号线汉口火车站,4号线楚河汉街站,2号线江汉路站,2号线中山公园站,2号线中南路站,
2022/1/6,2号线汉口火车站,4号线楚河汉街站,2号线江汉路站,2号线中山公园站,2号线街道口站,
2022/1/7,2号线汉口火车站,2号线江汉路站,4号线楚河汉街站,2号线中山公园站,2号线街道口站,
2022/1/8,2号线江汉路站,2号线街道口站,2号线汉口火车站,4号线王家湾站,2号线珞雄路站,
2022/1/9,2号线江汉路站,2号线汉口火车站,2号线街道口站,4号线王家湾站,2号线珞雄路站,
2022/1/10,2号线汉口火车站,4号线楚河汉街站,2号线中山公园站,2号线江汉路站,2号线中南路站,
2022/1/11,2号线江汉路站,4号线楚河汉街站,2号线中山公园站,2号线汉口火车站,2号线中南路站,
2022/1/12,2号线江汉路站,4号线楚河汉街站,2号线中山公园站,2号线汉口火车站,2号线中南路站,
2022/1/13,2号线江汉路站,4号线楚河汉街站,2号线中山公园站,2号线汉口火车站,2号线中南路站,
2022/1/14,2号线汉口火车站,4号线楚河汉街站,2号线江汉路站,2号线中山公园站,2号线中南路站,
2022/1/15,2号线江汉路站,4号线王家湾站,2号线街道口站,6号线江汉路站,2号线汉口火车站,
2022/1/16,2号线江汉路站,2号线汉口火车站,6号线汉正街站,4号线王家湾站,6号线江汉路站,
2022/1/17,2号线中山公园站,2号线江汉路站,4号线楚河汉街站,2号线汉口火车站,4号线王家湾站,
2022/1/18,2号线中山公园站,2号线江汉路站,4号线楚河汉街站,2号线汉口火车站,4号线王家湾站,
2022/1/19,2号线江汉路站,2号线中山公园站,4号线楚河汉街站,2号线汉口火车站,2号线中南路站,
2022/1/20,2号线江汉路站,2号线中山公园站,4号线楚河汉街站,2号线汉口火车站,2号线中南路站,
2022/1/21,2号线汉口火车站,2号线中山公园站,4号线楚河汉街站,2号线中南路站,2号线江汉路站,
2022/1/22,2号线汉口火车站,4号线王家湾站,2号线江汉路站,2号线中山公园站,2号线街道口站,
2022/1/23,2号线汉口火车站,4号线王家湾站,6号线汉正街站,2号线江汉路站,2号线中山公园站,
2022/1/24,2号线汉口火车站,2号线中山公园站,2号线江汉路站,4号线王家湾站,4号线楚河汉街站,
2022/1/25,2号线汉口火车站,2号线中山公园站,2号线江汉路站,4号线王家湾站,2号线中南路站,
2022/1/26,2号线汉口火车站,2号线中山公园站,2号线中南路站,2号线江汉路站,4号线王家湾站,
2022/1/27,2号线汉口火车站,2号线中山公园站,4号线王家湾站,2号线江汉路站,2号线中南路站,
2022/1/28,2号线汉口火车站,2号线中山公园站,4号线王家湾站,4号线武汉火车站,2号线江汉路站,
2022/1/29,2号线汉口火车站,4号线王家湾站,2号线中山公园站,2号线江汉路站,4号线武汉火车站,
2022/1/30,2号线汉口火车站,2号线中山公园站,4号线王家湾站,2号线江汉路站,4号线武汉火车站,
2022/1/31,2号线汉口火车站,4号线王家湾站,2号线江汉路站,2号线中山公园站,6号线江汉路站,
2022/2/1,2号线江汉路站,6号线江汉路站,4号线王家湾站,2号线中山公园站,2号线汉口火车站,
2022/2/2,2号线江汉路站,2号线汉口火车站,4号线王家湾站,6号线江汉路站,2号线中山公园站,
2022/2/3,2号线江汉路站,2号线汉口火车站,6号线江汉路站,4号线王家湾站,2号线中山公园站,
2022/2/4,2号线江汉路站,2号线汉口火车站,6号线江汉路站,2号线中山公园站,4号线王家湾站,
2022/2/5,2号线汉口火车站,2号线江汉路站,6号线江汉路站,4号线武汉火车站,2号线中山公园站,
2022/2/6,2号线汉口火车站,4号线武汉火车站,2号线江汉路站,6号线江汉路站,4号线王家湾站,
2022/2/7,2号线汉口火车站,4号线武汉火车站,2号线中山公园站,2号线江汉路站,4号线王家湾站,
2022/2/8,2号线汉口火车站,2号线江汉路站,2号线中山公园站,4号线武汉火车站,4号线楚河汉街站,
2022/2/9,2号线汉口火车站,2号线江汉路站,2号线中山公园站,4号线楚河汉街站,2号线中南路站,
2022/2/10,2号线汉口火车站,2号线江汉路站,2号线中山公园站,4号线楚河汉街站,2号线中南路站,
2022/2/11,2号线汉口火车站,4号线楚河汉街站,2号线江汉路站,2号线中山公园站,2号线中南路站,
2022/2/12,2号线江汉路站,2号线汉口火车站,2号线街道口站,4号线王家湾站,6号线江汉路站,
2022/2/13,2号线汉口火车站,2号线江汉路站,2号线街道口站,4号线王家湾站,6号线江汉路站,
2022/2/14,2号线江汉路站,2号线中山公园站,2号线汉口火车站,4号线楚河汉街站,6号线江汉路站,
2022/2/15,2号线江汉路站,2号线汉口火车站,2号线中山公园站,4号线楚河汉街站,4号线王家湾站,
2022/2/16,2号线汉口火车站,4号线楚河汉街站,2号线江汉路站,2号线中山公园站,2号线中南路站,
2022/2/17,2号线汉口火车站,4号线楚河汉街站,2号线中山公园站,2号线江汉路站,2号线中南路站,
2022/2/18,2号线汉口火车站,4号线楚河汉街站,2号线江汉路站,4号线武汉火车站,2号线中山公园站,
2022/2/19,2号线汉口火车站,2号线江汉路站,4号线武汉火车站,2号线街道口站,6号线江汉路站,
2022/2/20,2号线汉口火车站,2号线江汉路站,4号线武汉火车站,2号线珞雄路站,6号线江汉路站,
2022/2/21,2号线汉口火车站,4号线楚河汉街站,2号线中山公园站,2号线江汉路站,2号线中南路站,
2022/2/22,4号线楚河汉街站,2号线中山公园站,2号线中南路站,2号线汉口火车站,4号线王家湾站,
2022/2/23,4号线楚河汉街站,2号线中山公园站,2号线中南路站,4号线王家湾站,2号线江汉路站,
2022/2/24,4号线楚河汉街站,2号线中南路站,2号线中山公园站,4号线王家湾站,2号线杨家湾站,
2022/2/25,4号线楚河汉街站,2号线中南路站,2号线中山公园站,4号线王家湾站,2号线江汉路站,
2022/2/26,4号线王家湾站,2号线汉口火车站,2号线中山公园站,2号线江汉路站,2号线街道口站,
2022/2/27,4号线王家湾站,2号线江汉路站,2号线街道口站,2号线中山公园站,2号线珞雄路站,
2022/2/28,4号线楚河汉街站,2号线中山公园站,2号线中南路站,4号线王家湾站,2号线杨家湾站,
2022/3/1,4号线楚河汉街站,2号线中南路站,2号线中山公园站,2号线街道口站,4号线王家湾站,
2022/3/2,4号线楚河汉街站,2号线中南路站,2号线中山公园站,2号线街道口站,4号线王家湾站,
2022/3/3,4号线楚河汉街站,2号线中南路站,2号线中山公园站,4号线王家湾站,2号线街道口站,
2022/3/4,4号线楚河汉街站,2号线中南路站,4号线王家湾站,2号线中山公园站,2号线街道口站,
2022/3/5,2号线街道口站,4号线王家湾站,2号线珞雄路站,4号线楚河汉街站,2号线江汉路站,
2022/3/6,4号线王家湾站,2号线街道口站,2号线中山公园站,2号线珞雄路站,2号线汉口火车站,
2022/3/7,4号线楚河汉街站,2号线中南路站,2号线中山公园站,2号线街道口站,4号线王家湾站,
2022/3/8,4号线楚河汉街站,2号线中山公园站,2号线街道口站,2号线中南路站,2号线江汉路站,
2022/3/9,4号线楚河汉街站,2号线中南路站,2号线中山公园站,2号线江汉路站,4号线王家湾站,
2022/3/10,4号线楚河汉街站,2号线中南路站,2号线中山公园站,2号线江汉路站,2号线街道口站,
2022/3/11,4号线楚河汉街站,2号线江汉路站,2号线中南路站,2号线中山公园站,2号线街道口站,
2022/3/12,2号线江汉路站,2号线珞雄路站,2号线街道口站,4号线王家湾站,6号线江汉路站,
2022/3/13,2号线江汉路站,2号线珞雄路站,4号线王家湾站,2号线街道口站,2号线汉口火车站,
2022/3/14,4号线楚河汉街站,2号线江汉路站,2号线中山公园站,2号线中南路站,4号线王家湾站,
2022/3/15,4号线楚河汉街站,2号线中山公园站,2号线江汉路站,2号线中南路站,4号线王家湾站,
2022/3/16,4号线楚河汉街站,2号线中山公园站,2号线中南路站,4号线王家湾站,2号线江汉路站,
2022/3/17,4号线楚河汉街站,2号线中南路站,2号线中山公园站,4号线王家湾站,2号线江汉路站,
2022/3/18,4号线楚河汉街站,2号线江汉路站,2号线中山公园站,2号线中南路站,4号线王家湾站,
2022/3/19,2号线江汉路站,2号线街道口站,4号线王家湾站,2号线珞雄路站,2号线中山公园站,
2022/3/20,4号线王家湾站,2号线汉口火车站,2号线街道口站,2号线江汉路站,2号线珞雄路站,
2022/3/21,4号线楚河汉街站,2号线中山公园站,2号线中南路站,4号线王家湾站,2号线汉口火车站,
2022/3/22,4号线楚河汉街站,2号线中山公园站,2号线中南路站,4号线王家湾站,2号线江汉路站,
2022/3/23,4号线楚河汉街站,2号线中山公园站,2号线中南路站,2号线江汉路站,4号线王家湾站,
2022/3/24,4号线楚河汉街站,2号线中山公园站,2号线中南路站,2号线江汉路站,4号线王家湾站,
2022/3/25,4号线楚河汉街站,2号线中山公园站,2号线中南路站,2号线汉口火车站,4号线王家湾站,
2022/3/26,2号线江汉路站,2号线街道口站,4号线王家湾站,2号线珞雄路站,6号线江汉路站,
2022/3/27,2号线江汉路站,4号线王家湾站,2号线珞雄路站,2号线街道口站,6号线江汉路站,
2022/3/28,4号线楚河汉街站,2号线江汉路站,2号线中山公园站,2号线中南路站,4号线王家湾站,
2022/3/29,4号线楚河汉街站,2号线江汉路站,2号线中山公园站,2号线中南路站,4号线王家湾站,
2022/3/30,4号线楚河汉街站,2号线中山公园站,2号线中南路站,4号线王家湾站,2号线江汉路站,
2022/3/31,4号线楚河汉街站,2号线中山公园站,2号线中南路站,4号线王家湾站,2号线街道口站,
2022/4/1,4号线楚河汉街站,2号线江汉路站,2号线中山公园站,2号线中南路站,2号线街道口站,
2022/4/2,2号线江汉路站,4号线楚河汉街站,2号线汉口火车站,2号线街道口站,4号线王家湾站,
2022/4/3,2号线江汉路站,2号线街道口站,2号线珞雄路站,6号线江汉路站,4号线王家湾站,
2022/4/4,2号线江汉路站,2号线街道口站,2号线珞雄路站,6号线江汉路站,4号线王家湾站,
2022/4/5,2号线江汉路站,2号线汉口火车站,2号线珞雄路站,2号线街道口站,4号线王家湾站,
2022/4/6,4号线楚河汉街站,2号线中山公园站,2号线江汉路站,2号线中南路站,4号线王家湾站,
2022/4/7,4号线楚河汉街站,2号线中山公园站,2号线江汉路站,2号线中南路站,4号线王家湾站,
2022/4/8,4号线楚河汉街站,2号线江汉路站,2号线中南路站,2号线中山公园站,4号线王家湾站,
2022/4/9,2号线江汉路站,2号线街道口站,2号线珞雄路站,4号线王家湾站,2号线中山公园站,
2022/4/10,2号线江汉路站,2号线街道口站,2号线珞雄路站,4号线王家湾站,2号线中山公园站,
2022/4/11,4号线楚河汉街站,2号线中山公园站,2号线中南路站,2号线江汉路站,4号线王家湾站,
2022/4/12,4号线楚河汉街站,2号线中山公园站,2号线中南路站,4号线王家湾站,2号线江汉路站,
2022/4/13,4号线楚河汉街站,2号线中南路站,2号线中山公园站,4号线王家湾站,2号线街道口站,
2022/4/14,4号线楚河汉街站,2号线中山公园站,2号线中南路站,4号线王家湾站,2号线江汉路站,
2022/4/15,4号线楚河汉街站,2号线中山公园站,4号线王家湾站,2号线中南路站,2号线江汉路站,
2022/4/16,2号线江汉路站,4号线王家湾站,2号线中山公园站,2号线街道口站,2号线珞雄路站,
2022/4/17,4号线王家湾站,2号线江汉路站,2号线中山公园站,2号线珞雄路站,2号线街道口站,
2022/4/18,4号线楚河汉街站,2号线中山公园站,4号线王家湾站,2号线杨家湾站,2号线江汉路站,
2022/4/19,4号线楚河汉街站,2号线中山公园站,2号线杨家湾站,2号线江汉路站,2号线中南路站,
2022/4/20,4号线楚河汉街站,2号线中南路站,2号线中山公园站,2号线街道口站,2号线杨家湾站,
2022/4/21,4号线楚河汉街站,2号线中南路站,2号线中山公园站,2号线江汉路站,4号线王家湾站,
2022/4/22,4号线楚河汉街站,2号线中南路站,2号线中山公园站,4号线王家湾站,2号线街道口站,
2022/4/23,2号线江汉路站,4号线王家湾站,2号线街道口站,2号线珞雄路站,2号线中山公园站,
2022/4/24,4号线楚河汉街站,2号线中南路站,4号线王家湾站,2号线江汉路站,2号线中山公园站,
2022/4/25,4号线楚河汉街站,2号线中山公园站,2号线中南路站,4号线王家湾站,2号线江汉路站,
2022/4/26,4号线楚河汉街站,2号线中山公园站,2号线中南路站,2号线江汉路站,4号线王家湾站,
2022/4/27,4号线楚河汉街站,2号线中山公园站,2号线中南路站,2号线江汉路站,4号线王家湾站,
2022/4/28,4号线楚河汉街站,2号线中南路站,2号线中山公园站,4号线王家湾站,2号线街道口站,
2022/4/29,2号线汉口火车站,4号线楚河汉街站,2号线江汉路站,4号线王家湾站,2号线中南路站,
2022/4/30,2号线汉口火车站,2号线江汉路站,4号线王家湾站,2号线街道口站,2号线珞雄路站,
2022/5/1,2号线江汉路站,6号线江汉路站,4号线王家湾站,2号线珞雄路站,2号线街道口站,
2022/5/2,2号线江汉路站,6号线江汉路站,4号线王家湾站,2号线中山公园站,2号线珞雄路站,
2022/5/3,2号线江汉路站,2号线汉口火车站,4号线王家湾站,2号线中山公园站,6号线江汉路站,
2022/5/4,2号线汉口火车站,2号线江汉路站,2号线中山公园站,4号线王家湾站,2号线街道口站,
2022/5/5,4号线楚河汉街站,2号线中山公园站,2号线中南路站,2号线江汉路站,2号线汉口火车站,
2022/5/6,4号线楚河汉街站,2号线中山公园站,2号线江汉路站,2号线中南路站,4号线王家湾站,
2022/5/7,2号线江汉路站,4号线楚河汉街站,2号线街道口站,2号线中南路站,4号线王家湾站,
2022/5/8,2号线江汉路站,4号线王家湾站,2号线街道口站,2号线珞雄路站,2号线中山公园站,
2022/5/9,4号线楚河汉街站,2号线中山公园站,2号线中南路站,2号线江汉路站,4号线王家湾站,
2022/5/10,4号线楚河汉街站,2号线中山公园站,2号线江汉路站,2号线中南路站,4号线王家湾站,
2022/5/11,4号线楚河汉街站,2号线中山公园站,2号线中南路站,2号线江汉路站,4号线王家湾站,
2022/5/12,4号线楚河汉街站,2号线中山公园站,2号线江汉路站,2号线中南路站,4号线王家湾站,
2022/5/13,4号线楚河汉街站,2号线江汉路站,2号线中山公园站,2号线中南路站,2号线汉口火车站,
2022/5/14,2号线江汉路站,2号线街道口站,4号线王家湾站,2号线珞雄路站,2号线中山公园站,
2022/5/15,2号线江汉路站,2号线街道口站,4号线王家湾站,2号线珞雄路站,2号线汉口火车站,
2022/5/16,4号线楚河汉街站,2号线中山公园站,2号线江汉路站,2号线中南路站,4号线王家湾站,
2022/5/17,4号线楚河汉街站,2号线中山公园站,2号线江汉路站,2号线中南路站,4号线王家湾站,
2022/5/18,4号线楚河汉街站,2号线中山公园站,2号线江汉路站,2号线中南路站,4号线王家湾站,
2022/5/19,4号线楚河汉街站,2号线中山公园站,2号线中南路站,2号线汉口火车站,2号线江汉路站,
2022/5/20,2号线江汉路站,2号线街道口站,4号线楚河汉街站,2号线汉口火车站,2号线中山公园站,
2022/5/21,2号线江汉路站,2号线街道口站,2号线珞雄路站,6号线江汉路站,2号线中山公园站,
2022/5/22,2号线江汉路站,2号线街道口站,4号线王家湾站,2号线汉口火车站,2号线珞雄路站,
2022/5/23,2号线中山公园站,4号线楚河汉街站,2号线江汉路站,2号线中南路站,2号线汉口火车站,
2022/5/24,2号线中山公园站,4号线楚河汉街站,2号线江汉路站,2号线中南路站,4号线王家湾站,
2022/5/25,4号线楚河汉街站,2号线中山公园站,2号线江汉路站,2号线中南路站,2号线街道口站,
2022/5/26,4号线楚河汉街站,2号线中山公园站,2号线江汉路站,2号线中南路站,2号线街道口站,
2022/5/27,2号线江汉路站,4号线楚河汉街站,2号线中山公园站,2号线汉口火车站,2号线街道口站,
2022/5/28,2号线江汉路站,2号线街道口站,4号线王家湾站,2号线珞雄路站,2号线中山公园站,
2022/5/29,2号线江汉路站,2号线街道口站,4号线王家湾站,2号线汉口火车站,2号线珞雄路站,
2023/9/26,2号线汉口火车站,2号线江汉路站,2号线中山公园站,4号线楚河汉街站,6号线汉正街站,"
"
2023/9/27,2号线汉口火车站,2号线江汉路站,2号线中山公园站,4号线楚河汉街站,2号线街道口站,"
"
2023/9/28,2号线汉口火车站,2号线江汉路站,4号线武汉火车站,2号线中山公园站,4号线楚河汉街站,"
"
2023/9/29,2号线汉口火车站,4号线武汉火车站,2号线江汉路站,4号线武昌火车站,2号线中山公园站,"
"
2023/09/30,2号线汉口火车站,2号线江汉路站,4号线武汉火车站,4号线武昌火车站,6号线江汉路站,"
"
2023/10/01,2号线汉口火车站,2号线江汉路站,4号线武汉火车站,5号线司门口黄鹤楼站,6号线江汉路站,"
"
2023/10/02,2号线江汉路站,2号线汉口火车站,5号线司门口黄鹤楼站,6号线江汉路站,4号线武汉火车站,"
"
2023/10/03,2号线江汉路站,2号线汉口火车站,5号线司门口黄鹤楼站,4号线武汉火车站,6号线江汉路站,"
"
2023/10/04,2号线汉口火车站,2号线江汉路站,5号线司门口黄鹤楼站,4号线武汉火车站,6号线江汉路站,"
"
2023/10/05,2号线汉口火车站,2号线江汉路站,4号线武汉火车站,5号线司门口黄鹤楼站,6号线江汉路站,"
"
2023/10/06,2号线汉口火车站,2号线江汉路站,4号线武汉火车站,4号线武昌火车站,6号线江汉路站,"
"
2023/10/07,2号线汉口火车站,4号线武汉火车站,2号线江汉路站,4号线武昌火车站,2号线街道口站,"
"
2023/10/08,2号线汉口火车站,2号线江汉路站,4号线武汉火车站,4号线楚河汉街站,2号线中山公园站,"
"
2023/10/09,2号线江汉路站,2号线汉口火车站,2号线中山公园站,4号线楚河汉街站,4号线武汉火车站,"
"
2023/10/10,2号线汉口火车站,2号线江汉路站,2号线中山公园站,4号线楚河汉街站,2号线中南路站,"
"
2023/10/11,2号线汉口火车站,2号线江汉路站,2号线中山公园站,4号线楚河汉街站,2号线中南路站,"
"
2023/10/12,2号线江汉路站,2号线汉口火车站,2号线中山公园站,4号线楚河汉街站,2号线中南路站,"
"
2023/10/13,2号线汉口火车站,2号线江汉路站,2号线中山公园站,4号线楚河汉街站,2号线中南路站,"
"
2023/10/14,2号线汉口火车站,2号线江汉路站,2号线中山公园站,2号线街道口站,4号线楚河汉街站,"
"
2023/10/15,2号线江汉路站,2号线珞雄路站,2号线街道口站,6号线江汉路站,2号线汉口火车站,"
"
2023/10/16,2号线江汉路站,2号线汉口火车站,2号线珞雄路站,2号线街道口站,2号线宝通寺站,"
"
2023/10/17,2号线汉口火车站,2号线江汉路站,2号线中山公园站,4号线楚河汉街站,2号线中南路站,"
"
2023/10/18,2号线江汉路站,2号线汉口火车站,2号线中山公园站,4号线楚河汉街站,2号线中南路站,"
"
2023/10/19,2号线江汉路站,2号线汉口火车站,2号线中山公园站,4号线楚河汉街站,2号线中南路站,"
"
2023/10/20,2号线汉口火车站,2号线江汉路站,2号线中山公园站,4号线楚河汉街站,2号线中南路站,"
"
2023/10/21,2号线汉口火车站,2号线江汉路站,2号线中山公园站,4号线武汉火车站,2号线街道口站,"
"
2023/10/22,2号线江汉路站,2号线珞雄路站,2号线街道口站,2号线汉口火车站,2号线宝通寺站,"
"
2023/10/23,2号线江汉路站,2号线汉口火车站,2号线珞雄路站,2号线街道口站,4号线武汉火车站,"
"
2023/10/24,2号线汉口火车站,2号线江汉路站,2号线中山公园站,4号线楚河汉街站,2号线中南路站,"
"
2023/10/25,2号线汉口火车站,2号线江汉路站,2号线中山公园站,4号线楚河汉街站,2号线中南路站,"
"
2023/10/26,2号线汉口火车站,2号线江汉路站,2号线中山公园站,4号线楚河汉街站,2号线中南路站,"
"
2023/10/27,2号线汉口火车站,2号线江汉路站,2号线中山公园站,4号线楚河汉街站,2号线街道口站,"
"
2023/10/28,2号线汉口火车站,2号线江汉路站,2号线中山公园站,4号线武汉火车站,2号线街道口站,"
"
2023/10/29,2号线江汉路站,2号线珞雄路站,2号线汉口火车站,2号线街道口站,6号线江汉路站,"
"
2023/10/30,2号线汉口火车站,2号线江汉路站,4号线武汉火车站,2号线珞雄路站,2号线街道口站,"
"
2023/10/31,2号线汉口火车站,2号线江汉路站,2号线中山公园站,4号线楚河汉街站,2号线中南路站,"
"
2023/11/01,2号线江汉路站,2号线汉口火车站,2号线中山公园站,4号线楚河汉街站,2号线街道口站,"
"
2023/11/02,2号线江汉路站,2号线汉口火车站,2号线中山公园站,4号线楚河汉街站,2号线中南路站,"
"
2023/11/03,2号线江汉路站,2号线汉口火车站,2号线中山公园站,4号线楚河汉街站,2号线街道口站,"
"
2023/11/04,2号线汉口火车站,2号线江汉路站,2号线中山公园站,4号线武汉火车站,2号线街道口站,"
"
2023/11/05,2号线江汉路站,2号线汉口火车站,2号线珞雄路站,2号线街道口站,2号线宝通寺站,"
"
2023/11/06,2号线汉口火车站,4号线武汉火车站,2号线江汉路站,2号线街道口站,2号线宝通寺站,"
"
2023/11/07,2号线汉口火车站,2号线江汉路站,2号线中山公园站,4号线楚河汉街站,2号线中南路站,"
"
2023/11/08,2号线江汉路站,2号线汉口火车站,2号线中山公园站,4号线楚河汉街站,2号线中南路站,"
"
2023/11/09,2号线江汉路站,2号线汉口火车站,2号线中山公园站,4号线楚河汉街站,2号线中南路站,"
"
2023/11/10,2号线汉口火车站,2号线中山公园站,2号线江汉路站,4号线楚河汉街站,2号线中南路站,"
"
2023/11/11,2号线汉口火车站,2号线江汉路站,2号线中山公园站,2号线街道口站,2号线宝通寺站,"
"
2023/11/12,2号线江汉路站,2号线珞雄路站,2号线宝通寺站,2号线街道口站,2号线汉口火车站,"
"
2023/11/13,2号线汉口火车站,2号线江汉路站,2号线珞雄路站,2号线街道口站,2号线宝通寺站,"
"
2023/11/14,2号线汉口火车站,2号线中山公园站,2号线江汉路站,6号线汉正街站,4号线楚河汉街站,"
"
2023/11/15,2号线江汉路站,2号线汉口火车站,2号线中山公园站,6号线汉正街站,4号线楚河汉街站,"
"
2023/11/16,2号线汉口火车站,2号线中山公园站,2号线江汉路站,4号线楚河汉街站,2号线中南路站,"
"
2023/11/17,2号线江汉路站,2号线汉口火车站,2号线中山公园站,4号线楚河汉街站,2号线中南路站,"
"
2023/11/18,2号线汉口火车站,2号线江汉路站,2号线中山公园站,2号线街道口站,4号线武汉火车站,"
"
2023/11/19,2号线江汉路站,2号线汉口火车站,2号线珞雄路站,6号线江汉路站,2号线街道口站,"
"
2023/11/20,2号线汉口火车站,2号线江汉路站,2号线珞雄路站,2号线街道口站,4号线武汉火车站,"
"
2023/11/21,2号线汉口火车站,2号线江汉路站,2号线中山公园站,4号线楚河汉街站,6号线汉正街站,"
"
2023/11/22,2号线汉口火车站,2号线江汉路站,2号线中山公园站,4号线楚河汉街站,2号线中南路站,"
"
2023/11/23,2号线江汉路站,2号线汉口火车站,2号线中山公园站,4号线楚河汉街站,2号线中南路站,"
"
2023/11/24,2号线江汉路站,2号线汉口火车站,2号线中山公园站,4号线楚河汉街站,2号线中南路站,"
"
2023/11/25,2号线汉口火车站,2号线江汉路站,2号线中山公园站,2号线街道口站,4号线武汉火车站,"
"
2023/11/26,2号线江汉路站,2号线汉口火车站,6号线江汉路站,2号线街道口站,2号线珞雄路站,"
"
2023/11/27,2号线汉口火车站,2号线江汉路站,2号线街道口站,2号线珞雄路站,6号线江汉路站,"
"
2023/11/28,2号线汉口火车站,2号线江汉路站,2号线中山公园站,4号线楚河汉街站,2号线中南路站,"
"
2023/11/29,2号线江汉路站,2号线汉口火车站,2号线中山公园站,4号线楚河汉街站,2号线中南路站,"
"
2023/11/30,2号线汉口火车站,2号线江汉路站,2号线中山公园站,4号线楚河汉街站,2号线中南路站,"
"
2023/12/01,2号线汉口火车站,2号线江汉路站,2号线中山公园站,4号线楚河汉街站,2号线中南路站,"
"
2023/12/02,2号线汉口火车站,2号线江汉路站,2号线中山公园站,2号线街道口站,4号线武汉火车站,"
"
2023/12/03,2号线江汉路站,2号线街道口站,2号线珞雄路站,2号线汉口火车站,6号线江汉路站,"
"
2023/12/04,2号线汉口火车站,2号线江汉路站,2号线街道口站,2号线珞雄路站,4号线武汉火车站,"
"
2023/12/05,2号线汉口火车站,2号线江汉路站,2号线中山公园站,4号线楚河汉街站,2号线街道口站,"
"
2023/12/06,2号线江汉路站,2号线汉口火车站,2号线中山公园站,4号线楚河汉街站,2号线中南路站,"
"
2023/12/07,2号线江汉路站,2号线汉口火车站,2号线中山公园站,4号线楚河汉街站,2号线中南路站,"
"
2023/12/08,2号线汉口火车站,2号线江汉路站,2号线中山公园站,4号线楚河汉街站,2号线中南路站,"
"
2023/12/09,2号线汉口火车站,2号线江汉路站,2号线中山公园站,2号线街道口站,4号线楚河汉街站,"
"
2023/12/10,2号线江汉路站,2号线汉口火车站,2号线街道口站,2号线珞雄路站,2号线宝通寺站,"
"
2023/12/11,2号线汉口火车站,2号线江汉路站,2号线街道口站,4号线武汉火车站,2号线宝通寺站,"
"
2023/12/12,2号线汉口火车站,2号线中山公园站,2号线江汉路站,4号线楚河汉街站,2号线中南路站,"
"
2023/12/13,2号线中山公园站,2号线汉口火车站,2号线江汉路站,4号线楚河汉街站,2号线中南路站,"
"
2023/12/14,2号线汉口火车站,2号线中山公园站,2号线江汉路站,2号线中南路站,4号线楚河汉街站,"
"
2023/12/15,2号线汉口火车站,2号线中山公园站,2号线江汉路站,4号线楚河汉街站,2号线中南路站,"
"
2023/12/16,2号线汉口火车站,2号线江汉路站,2号线中山公园站,2号线街道口站,2号线中南路站,"
"
2023/12/17,2号线江汉路站,2号线街道口站,2号线汉口火车站,2号线珞雄路站,2号线宝通寺站,"
"
2023/12/18,2号线江汉路站,2号线汉口火车站,2号线街道口站,2号线珞雄路站,2号线宝通寺站,"
"
2023/12/19,2号线汉口火车站,2号线中山公园站,2号线江汉路站,4号线楚河汉街站,2号线中南路站,"
"
2023/12/20,2号线江汉路站,2号线汉口火车站,2号线中山公园站,4号线楚河汉街站,6号线汉正街站,"
"
2023/12/21,2号线江汉路站,2号线汉口火车站,2号线中山公园站,4号线楚河汉街站,2号线街道口站,"
"
2023/12/22,2号线汉口火车站,2号线江汉路站,2号线中山公园站,4号线楚河汉街站,2号线街道口站,"
"
2023/12/23,2号线汉口火车站,2号线江汉路站,2号线中山公园站,2号线街道口站,2号线宝通寺站,"
"
2023/12/24,2号线江汉路站,2号线街道口站,2号线宝通寺站,6号线江汉路站,2号线珞雄路站,"
"
2023/12/25,2号线江汉路站,2号线汉口火车站,2号线街道口站,6号线江汉路站,2号线宝通寺站,"
"
2023/12/26,2号线江汉路站,2号线汉口火车站,2号线中山公园站,2号线街道口站,2号线宝通寺站,"
"
2023/12/27,2号线江汉路站,2号线汉口火车站,2号线中山公园站,4号线楚河汉街站,2号线街道口站,"
"
2023/12/28,2号线江汉路站,2号线汉口火车站,2号线中山公园站,4号线楚河汉街站,2号线街道口站,"
"
2023/12/29,2号线汉口火车站,2号线江汉路站,2号线中山公园站,2号线街道口站,4号线楚河汉街站,"
"
2023/12/30,2号线汉口火车站,4号线武汉火车站,2号线江汉路站,4号线武昌火车站,2号线中山公园站,"
"
2023/12/31,2号线江汉路站,2号线汉口火车站,6号线江汉路站,2号线珞雄路站,4号线武汉火车站,"
"
2024/01/01,2号线江汉路站,2号线珞雄路站,6号线江汉路站,2号线汉口火车站,2号线街道口站,"
"
2024/01/02,2号线汉口火车站,2号线江汉路站,4号线武汉火车站,4号线武昌火车站,2号线珞雄路站,"
"
2024/01/03,2号线汉口火车站,4号线武汉火车站,2号线中山公园站,2号线江汉路站,4号线武昌火车站,"
"
2024/01/04,2号线汉口火车站,2号线江汉路站,2号线中山公园站,4号线楚河汉街站,2号线街道口站,"
"
2024/01/05,2号线汉口火车站,2号线江汉路站,2号线中山公园站,4号线楚河汉街站,2号线中南路站,"
"
2024/01/06,2号线汉口火车站,2号线江汉路站,2号线中山公园站,2号线街道口站,4号线楚河汉街站,"
"
2024/01/07,2号线江汉路站,2号线汉口火车站,2号线街道口站,2号线珞雄路站,2号线中山公园站,"
"
2024/01/08,2号线江汉路站,2号线汉口火车站,2号线街道口站,2号线中山公园站,2号线珞雄路站,"
"
2024/01/09,2号线汉口火车站,2号线江汉路站,2号线中山公园站,4号线楚河汉街站,2号线街道口站,"
"
2024/01/10,2号线汉口火车站,2号线江汉路站,2号线中山公园站,4号线楚河汉街站,2号线街道口站,"
"
2024/01/11,2号线汉口火车站,2号线江汉路站,2号线中山公园站,4号线楚河汉街站,2号线街道口站,"
"
2024/01/12,2号线汉口火车站,2号线江汉路站,2号线中山公园站,4号线楚河汉街站,2号线街道口站,"
"
2024/01/13,2号线汉口火车站,2号线江汉路站,2号线中山公园站,2号线街道口站,4号线武汉火车站,"
"
2024/01/14,2号线江汉路站,2号线汉口火车站,2号线街道口站,6号线江汉路站,2号线宝通寺站,"
"
2024/01/15,2号线汉口火车站,2号线江汉路站,2号线街道口站,4号线王家湾站,6号线汉正街站,"
"
2024/01/16,2号线汉口火车站,2号线江汉路站,2号线中山公园站,4号线楚河汉街站,2号线街道口站,"
"
2024/01/17,2号线汉口火车站,2号线江汉路站,2号线中山公园站,4号线楚河汉街站,2号线街道口站,"
"
2024/01/18,2号线汉口火车站,2号线中山公园站,2号线江汉路站,4号线楚河汉街站,2号线中南路站,"
"
2024/01/19,2号线汉口火车站,2号线中山公园站,2号线江汉路站,2号线中南路站,4号线楚河汉街站,"
"
2024/01/20,2号线汉口火车站,2号线江汉路站,2号线中山公园站,2号线街道口站,4号线武汉火车站,"
"
2024/01/21,2号线江汉路站,2号线汉口火车站,2号线街道口站,6号线汉正街站,2号线中山公园站,"
"
2024/01/22,2号线江汉路站,2号线汉口火车站,6号线汉正街站,4号线王家湾站,6号线江汉路站,"
"
2024/01/23,2号线汉口火车站,2号线江汉路站,2号线中山公园站,4号线楚河汉街站,2号线中南路站,"
"
2024/01/24,2号线汉口火车站,2号线江汉路站,2号线中山公园站,2号线中南路站,4号线楚河汉街站,"
"
2024/01/25,2号线汉口火车站,2号线江汉路站,2号线中山公园站,2号线中南路站,4号线楚河汉街站,"
"
2024/01/26,2号线汉口火车站,2号线江汉路站,2号线中山公园站,2号线中南路站,6号线汉正街站,"
"
2024/01/27,2号线汉口火车站,2号线江汉路站,2号线中山公园站,2号线中南路站,4号线王家湾站,"
"
2024/01/28,2号线江汉路站,2号线汉口火车站,6号线汉正街站,6号线江汉路站,2号线中山公园站,"
"
2024/01/29,2号线汉口火车站,2号线江汉路站,6号线汉正街站,6号线江汉路站,2号线中山公园站,"
"
2024/01/30,2号线汉口火车站,2号线江汉路站,2号线中山公园站,6号线汉正街站,2号线中南路站,"
"
2024/01/31,2号线汉口火车站,2号线江汉路站,2号线中山公园站,2号线中南路站,6号线汉正街站,"
"
2024/02/01,2号线汉口火车站,2号线中山公园站,2号线江汉路站,2号线中南路站,4号线武汉火车站,"
"
2024/02/02,2号线汉口火车站,2号线中山公园站,2号线江汉路站,2号线中南路站,4号线武汉火车站,"
"
2024/02/03,2号线汉口火车站,2号线中山公园站,4号线武汉火车站,2号线江汉路站,2号线中南路站,"
"
2024/02/04,2号线汉口火车站,4号线武汉火车站,2号线江汉路站,4号线王家湾站,2号线中山公园站,"
"
2024/02/05,2号线汉口火车站,4号线武汉火车站,4号线王家湾站,2号线江汉路站,2号线中山公园站,"
"
2024/02/06,2号线汉口火车站,4号线武汉火车站,2号线中山公园站,2号线江汉路站,4号线王家湾站,"
"
2024/02/07,2号线汉口火车站,4号线武汉火车站,2号线中山公园站,4号线武昌火车站,4号线王家湾站,"
"
2024/02/08,2号线汉口火车站,4号线武汉火车站,2号线中山公园站,2号线江汉路站,4号线武昌火车站,"
"
2024/02/09,2号线汉口火车站,4号线武汉火车站,2号线江汉路站,2号线中山公园站,4号线武昌火车站,"
"
2024/02/10,2号线汉口火车站,4号线武汉火车站,2号线江汉路站,4号线王家湾站,2号线中山公园站,"
"
2024/02/11,2号线江汉路站,7号线园博园站,4号线钟家村站,2号线汉口火车站,2号线宝通寺站,"
"
2024/02/12,2号线江汉路站,2号线汉口火车站,7号线园博园站,5号线司门口黄鹤楼站,6号线江汉路站,"
"
2024/02/13,2号线江汉路站,2号线汉口火车站,5号线司门口黄鹤楼站,4号线武汉火车站,7号线园博园站,"
"
2024/02/14,2号线江汉路站,2号线汉口火车站,5号线司门口黄鹤楼站,4号线武汉火车站,6号线江汉路站,"
"
2024/02/15,2号线江汉路站,2号线汉口火车站,4号线钟家村站,5号线司门口黄鹤楼站,4号线武汉火车站,"
"
2024/02/16,2号线汉口火车站,2号线江汉路站,4号线武汉火车站,5号线司门口黄鹤楼站,6号线江汉路站,"
"
2024/02/17,2号线汉口火车站,2号线江汉路站,4号线武汉火车站,6号线江汉路站,5号线司门口黄鹤楼站,"
"
2024/02/18,2号线汉口火车站,2号线江汉路站,4号线武汉火车站,6号线江汉路站,4号线武昌火车站,"
"
2024/02/19,2号线汉口火车站,2号线江汉路站,4号线武汉火车站,2号线中山公园站,4号线王家湾站,"
"
2024/02/20,2号线汉口火车站,2号线江汉路站,4号线武汉火车站,2号线中山公园站,2号线中南路站,"
"
2024/02/21,2号线汉口火车站,4号线武汉火车站,2号线中山公园站,2号线江汉路站,2号线中南路站,"
"
2024/02/22,2号线汉口火车站,2号线中山公园站,4号线武汉火车站,2号线江汉路站,4号线楚河汉街站,"
"
2024/02/23,2号线汉口火车站,4号线武汉火车站,2号线中山公园站,4号线楚河汉街站,2号线江汉路站,"
"
2024/02/24,2号线汉口火车站,4号线武汉火车站,2号线江汉路站,2号线中山公园站,4号线楚河汉街站,"
"
2024/02/25,2号线江汉路站,2号线汉口火车站,4号线武汉火车站,2号线宝通寺站,2号线街道口站,"
"
2024/02/26,2号线汉口火车站,4号线武汉火车站,2号线江汉路站,2号线街道口站,4号线武昌火车站,"
"
2024/02/27,2号线汉口火车站,4号线武汉火车站,2号线江汉路站,2号线中山公园站,4号线楚河汉街站,"
"
2024/02/28,2号线汉口火车站,2号线江汉路站,2号线中山公园站,4号线武汉火车站,4号线楚河汉街站,"
"
2024/02/29,2号线汉口火车站,2号线江汉路站,2号线中山公园站,2号线中南路站,4号线楚河汉街站,"
"
2024/03/01,2号线汉口火车站,2号线江汉路站,2号线中山公园站,2号线中南路站,4号线楚河汉街站,"
"
2024/03/02,2号线汉口火车站,2号线江汉路站,2号线中山公园站,4号线武汉火车站,2号线街道口站,"
"
2024/03/03,2号线江汉路站,2号线汉口火车站,2号线街道口站,6号线江汉路站,2号线珞雄路站,"
"
2024/03/04,2号线汉口火车站,2号线江汉路站,2号线街道口站,2号线珞雄路站,4号线武汉火车站,"
"
2024/03/05,2号线汉口火车站,2号线中山公园站,2号线江汉路站,4号线楚河汉街站,2号线中南路站,"
"
2024/03/06,2号线汉口火车站,2号线中山公园站,2号线江汉路站,4号线楚河汉街站,2号线中南路站,"
"
2024/03/07,2号线汉口火车站,2号线江汉路站,2号线中山公园站,4号线楚河汉街站,2号线中南路站,"
"
2024/03/08,2号线江汉路站,2号线汉口火车站,2号线中山公园站,2号线中南路站,2号线街道口站,"
"
2024/03/09,2号线江汉路站,2号线汉口火车站,2号线中山公园站,2号线街道口站,2号线宝通寺站,"
"
2024/03/10,2号线江汉路站,2号线街道口站,2号线珞雄路站,2号线宝通寺站,2号线汉口火车站,"
"
2024/03/11,2号线江汉路站,2号线汉口火车站,2号线街道口站,2号线珞雄路站,2号线宝通寺站,"
"
2024/03/12,2号线汉口火车站,2号线江汉路站,2号线中山公园站,4号线楚河汉街站,2号线街道口站,"
"
2024/03/13,2号线江汉路站,2号线汉口火车站,2号线中山公园站,4号线楚河汉街站,2号线街道口站,"
"
2024/03/14,2号线汉口火车站,2号线江汉路站,2号线中山公园站,2号线街道口站,2号线中南路站,"
"
2024/03/15,2号线江汉路站,2号线汉口火车站,2号线中山公园站,2号线街道口站,2号线中南路站,"
"
2024/03/16,2号线汉口火车站,2号线江汉路站,2号线街道口站,2号线中山公园站,4号线武汉火车站,"
"
2024/03/17,2号线江汉路站,2号线街道口站,2号线汉口火车站,2号线珞雄路站,6号线江汉路站,"
"
2024/03/18,2号线汉口火车站,2号线江汉路站,2号线街道口站,2号线宝通寺站,4号线武汉火车站,"
"
2024/03/19,2号线汉口火车站,2号线中山公园站,2号线江汉路站,4号线楚河汉街站,2号线中南路站,"
"
2024/03/20,2号线江汉路站,2号线汉口火车站,2号线中山公园站,2号线街道口站,4号线楚河汉街站,"
"
2024/03/21,2号线江汉路站,2号线汉口火车站,2号线中山公园站,2号线街道口站,2号线中南路站,"
"
2024/03/22,2号线江汉路站,2号线汉口火车站,2号线中山公园站,2号线街道口站,2号线宝通寺站,"
"
2024/03/23,2号线汉口火车站,2号线江汉路站,2号线街道口站,2号线中山公园站,4号线武汉火车站,"
"
2024/03/24,2号线江汉路站,2号线街道口站,2号线汉口火车站,2号线珞雄路站,2号线中山公园站,"
"
2024/03/25,2号线江汉路站,2号线汉口火车站,2号线街道口站,2号线珞雄路站,4号线武汉火车站,"
"
